1787065500.2858 875 10 760 439
1787065500.2945 875 10 760 439
1787065500.3086 875 10 760 439
1787065500.3146 875 10 760 439
1787065500.3299 875 10 760 439
1787065500.3348 875 10 760 439
1787065500.3508 875 10 760 439
1787065500.3556 875 10 760 439
1787065500.3721 875 10 760 439
1787065500.3765 875 10 760 439
1787065500.3928 875 10 760 439
1787065500.3953 875 10 760 439
1787065500.4144 875 10 760 439
1787065500.4160 875 10 760 439
1787065500.4365 875 10 760 439
1787065500.4383 875 10 760 439
1787065500.4571 875 10 760 439
1787065500.4578 875 10 760 439
1787065500.4772 875 10 760 439
1787065500.4795 875 10 760 439
1787065500.4981 875 10 760 439
1787065500.5014 875 10 760 439
1787065500.5216 875 10 760 439
1787065500.5229 875 10 760 439
1787065500.5438 875 10 760 439
1787065500.5451 875 10 760 439
1787065500.5669 875 10 760 439
1787065500.5673 875 10 760 439
1787065500.5872 875 10 760 439
1787065500.5875 875 10 760 439
1787065500.6099 875 10 760 439
1787065500.6099 875 10 760 439
1787065500.6322 875 10 760 439
1787065500.6327 875 10 760 439
1787065500.6528 875 10 760 439
1787065500.6532 875 10 760 439
1787065500.6741 875 10 760 439
1787065500.6742 875 10 760 439
1787065500.6951 875 10 760 439
1787065500.6952 875 10 760 439
1787065500.7144 875 10 760 439
1787065500.7149 875 10 760 439
1787065500.7338 875 10 760 439
1787065500.7357 875 10 760 439
1787065500.7528 875 10 760 439
1787065500.7560 875 10 760 439
1787065500.7734 875 10 760 439
1787065500.7783 875 10 760 439
1787065500.7933 875 10 760 439
1787065500.7986 875 10 760 439
1787065500.8138 875 10 760 439
1787065500.8186 875 10 760 439
1787065500.8327 875 10 760 439
1787065500.8397 875 10 760 439
1787065500.8535 875 10 760 439
1787065500.8602 875 10 760 439
1787065500.8743 875 10 760 439
1787065500.8807 875 10 760 439
1787065500.8948 875 10 760 439
1787065500.9005 875 10 760 439
1787065500.9160 875 10 760 439
1787065500.9219 875 10 760 439
1787065500.9361 875 10 760 439
1787065500.9427 875 10 760 439
1787065500.9555 875 10 760 439
1787065500.9635 875 10 760 439
1787065500.9760 875 10 760 439
1787065500.9845 875 10 760 439
1787065500.9965 875 10 760 439
1787065501.0062 875 10 760 439
1787065501.0172 875 10 760 439
1787065501.0262 875 10 760 439
1787065501.0387 875 10 760 439
1787065501.0489 875 10 760 439
1787065501.0601 875 10 760 439
1787065501.0688 875 10 760 439
1787065501.0815 875 10 760 439
1787065501.0912 875 10 760 439
1787065501.1011 875 10 760 439
1787065501.1129 875 10 760 439
1787065501.1195 875 10 760 439
1787065501.1339 875 10 760 439
1787065501.1388 875 10 760 439
1787065501.1537 875 10 760 439
1787065501.1588 875 10 760 439
1787065501.1740 875 10 760 439
1787065501.1806 875 10 760 439
1787065501.1955 875 10 760 439
1787065501.2007 875 10 760 439
1787065501.2155 875 10 760 439
1787065501.2192 875 10 760 439
1787065501.2364 875 10 760 439
1787065501.2405 875 10 760 439
1787065501.2574 875 10 760 439
1787065501.2597 875 10 760 439
1787065501.2773 875 10 760 439
1787065501.2787 875 10 760 439
1787065501.2979 875 10 760 439
1787065501.2980 875 10 760 439
1787065501.3180 875 10 760 439
1787065501.3188 875 10 760 439
1787065501.3362 875 10 760 439
1787065501.3404 875 10 760 439
1787065501.3550 875 10 760 439
1787065501.3635 875 10 760 439
1787065501.3752 875 10 760 439
1787065501.3836 875 10 760 439
1787065501.3940 875 10 760 439
1787065501.4051 875 10 760 439
1787065501.4125 875 10 760 439
1787065501.4264 875 10 760 439
1787065501.4329 875 10 760 439
1787065501.4478 875 10 760 439
1787065501.4518 875 10 760 439
1787065501.4666 875 10 760 439
1787065501.4719 875 10 760 439
1787065501.4875 875 10 760 439
1787065501.4912 875 10 760 439
1787065501.5082 875 10 760 439
1787065501.5116 875 10 760 439
1787065501.5294 875 10 760 439
1787065501.5317 875 10 760 439
1787065501.5521 875 10 760 439
1787065501.5529 875 10 760 439
1787065501.5715 875 10 760 439
1787065501.5729 875 10 760 439
1787065501.5919 875 10 760 439
1787065501.5925 875 10 760 439
1787065501.6111 875 10 760 439
1787065501.6126 875 10 760 439
1787065501.6319 875 10 760 439
1787065501.6332 875 10 760 439
1787065501.6513 875 10 760 439
1787065501.6550 875 10 760 439
1787065501.6726 875 10 760 439
1787065501.6751 875 10 760 439
1787065501.6942 875 10 760 439
1787065501.6953 875 10 760 439
1787065501.7145 875 10 760 439
1787065501.7154 875 10 760 439
1787065501.7347 875 10 760 439
1787065501.7375 875 10 760 439
1787065501.7549 875 10 760 439
1787065501.7582 875 10 760 439
1787065501.7755 875 10 760 439
1787065501.7778 875 10 760 439
1787065501.7967 875 10 760 439
1787065501.7977 875 10 760 439
1787065501.8166 875 10 760 439
1787065501.8186 875 10 760 439
1787065501.8376 875 10 760 439
1787065501.8397 875 10 760 439
1787065501.8590 875 10 760 439
1787065501.8600 875 10 760 439
1787065501.8793 875 10 760 439
1787065501.8799 875 10 760 439
1787065501.8979 875 10 760 439
1787065501.8992 875 10 760 439
1787065501.9190 875 10 760 439
1787065501.9199 875 10 760 439
1787065501.9396 875 10 760 439
1787065501.9397 875 10 760 439
1787065501.9594 875 10 760 439
1787065501.9601 875 10 760 439
1787065501.9787 875 10 760 439
1787065501.9791 875 10 760 439
1787065501.9984 875 10 760 439
1787065501.9995 875 10 760 439
1787065502.0188 875 10 760 439
1787065502.0205 875 10 760 439
1787065502.0394 875 10 760 439
1787065502.0404 875 10 760 439
1787065502.0596 875 10 760 439
1787065502.0597 875 10 760 439
1787065502.0782 875 10 760 439
1787065502.0804 875 10 760 439
1787065502.0986 875 10 760 439
1787065502.1003 875 10 760 439
1787065502.1177 875 10 760 439
1787065502.1212 875 10 760 439
1787065502.1367 875 10 760 439
1787065502.1405 875 10 760 439
1787065502.1575 875 10 760 439
1787065502.1618 875 10 760 439
1787065502.1784 875 10 760 439
1787065502.1817 875 10 760 439
1787065502.1988 875 10 760 439
1787065502.2015 875 10 760 439
1787065502.2195 875 10 760 439
1787065502.2220 875 10 760 439
1787065502.2414 875 10 760 439
1787065502.2417 875 10 760 439
1787065502.2619 875 10 760 439
1787065502.2623 875 10 760 439
1787065502.2813 875 10 760 439
1787065502.2829 875 10 760 439
1787065502.3030 875 10 760 439
1787065502.3034 875 10 760 439
1787065502.3227 875 10 760 439
1787065502.3246 875 10 760 439
1787065502.3420 875 10 760 439
1787065502.3450 875 10 760 439
1787065502.3624 875 10 760 439
1787065502.3659 875 10 760 439
1787065502.3846 875 10 760 439
1787065502.3847 875 10 760 439
1787065502.4058 875 10 760 439
1787065502.4088 875 10 760 439
1787065502.4280 875 10 760 439
1787065502.4300 875 10 760 439
1787065502.4508 875 10 760 439
1787065502.4510 875 10 760 439
1787065502.4711 875 10 760 439
1787065502.4711 875 10 760 439
1787065502.4919 875 10 760 439
1787065502.4921 875 10 760 439
1787065502.5120 875 10 760 439
1787065502.5127 875 10 760 439
1787065502.5315 875 10 760 439
1787065502.5339 875 10 760 439
1787065502.5522 875 10 760 439
1787065502.5553 875 10 760 439
1787065502.5717 875 10 760 439
1787065502.5777 875 10 760 439
1787065502.5922 875 10 760 439
1787065502.5975 875 10 760 439
1787065502.6117 875 10 760 439
1787065502.6172 875 10 760 439
1787065502.6330 875 10 760 439
1787065502.6363 875 10 760 439
1787065502.6529 875 10 760 439
1787065502.6570 875 10 760 439
1787065502.6742 875 10 760 439
1787065502.6764 875 10 760 439
1787065502.6941 875 10 760 439
1787065502.6980 875 10 760 439
1787065502.7145 875 10 760 439
1787065502.7180 875 10 760 439
1787065502.7347 875 10 760 439
1787065502.7375 875 10 760 439
1787065502.7554 875 10 760 439
1787065502.7590 875 10 760 439
1787065502.7753 875 10 760 439
1787065502.7801 875 10 760 439
1787065502.7958 875 10 760 439
1787065502.8002 875 10 760 439
1787065502.8167 875 10 760 439
1787065502.8193 875 10 760 439
1787065502.8379 875 10 760 439
1787065502.8391 875 10 760 439
1787065502.8575 875 10 760 439
1787065502.8578 875 10 760 439
1787065502.8788 875 10 760 439
1787065502.8799 875 10 760 439
1787065502.8978 875 10 760 439
1787065502.9017 875 10 760 439
1787065502.9176 875 10 760 439
1787065502.9219 875 10 760 439
1787065502.9368 875 10 760 439
1787065502.9403 875 10 760 439
1787065502.9578 875 10 760 439
1787065502.9608 875 10 760 439
1787065502.9800 875 10 760 439
1787065502.9807 875 10 760 439
1787065503.0007 875 10 760 439
1787065503.0009 875 10 760 439
1787065503.0207 875 10 760 439
1787065503.0208 875 10 760 439
1787065503.0392 875 10 760 439
1787065503.0402 875 10 760 439
1787065503.0595 875 10 760 439
1787065503.0609 875 10 760 439
1787065503.0805 875 10 760 439
1787065503.0825 875 10 760 439
1787065503.1024 875 10 760 439
1787065503.1047 875 10 760 439
1787065503.1226 875 10 760 439
1787065503.1247 875 10 760 439
1787065503.1413 875 10 760 439
1787065503.1430 875 10 760 439
1787065503.1610 875 10 760 439
1787065503.1624 875 10 760 439
1787065503.1827 875 10 760 439
1787065503.1836 875 10 760 439
1787065503.2033 875 10 760 439
1787065503.2043 875 10 760 439
1787065503.2233 875 10 760 439
1787065503.2237 875 10 760 439
1787065503.2432 875 10 760 439
1787065503.2434 875 10 760 439
1787065503.2623 875 10 760 439
1787065503.2642 875 10 760 439
1787065503.2825 875 10 760 439
1787065503.2852 875 10 760 439
1787065503.3027 875 10 760 439
1787065503.3069 875 10 760 439
1787065503.3237 875 10 760 439
1787065503.3279 875 10 760 439
1787065503.3434 875 10 760 439
1787065503.3476 875 10 760 439
1787065503.3661 875 10 760 439
1787065503.3678 875 10 760 439
1787065503.3872 875 10 760 439
1787065503.3883 875 10 760 439
1787065503.4057 875 10 760 439
1787065503.4085 875 10 760 439
1787065503.4270 875 10 760 439
1787065503.4271 875 10 760 439
1787065503.4462 875 10 760 439
1787065503.4474 875 10 760 439
1787065503.4656 875 10 760 439
1787065503.4669 875 10 760 439
1787065503.4863 875 10 760 439
1787065503.4887 875 10 760 439
1787065503.5071 875 10 760 439
1787065503.5107 875 10 760 439
1787065503.5290 875 10 760 439
1787065503.5312 875 10 760 439
1787065503.5496 875 10 760 439
1787065503.5518 875 10 760 439
1787065503.5701 875 10 760 439
1787065503.5723 875 10 760 439
1787065503.5884 875 10 760 439
1787065503.5927 875 10 760 439
1787065503.6091 875 10 760 439
1787065503.6162 875 10 760 439
1787065503.6305 875 10 760 439
1787065503.6361 875 10 760 439
1787065503.6493 875 10 760 439
1787065503.6572 875 10 760 439
1787065503.6701 875 10 760 439
1787065503.6763 875 10 760 439
1787065503.6915 875 10 760 439
1787065503.6970 875 10 760 439
1787065503.7120 875 10 760 439
1787065503.7184 875 10 760 439
1787065503.7316 875 10 760 439
1787065503.7400 875 10 760 439
1787065503.7530 875 10 760 439
1787065503.7615 875 10 760 439
1787065503.7722 875 10 760 439
1787065503.7812 875 10 760 439
1787065503.7913 875 10 760 439
1787065503.8036 875 10 760 439
1787065503.8102 875 10 760 439
1787065503.8231 875 10 760 439
1787065503.8313 875 10 760 439
1787065503.8435 875 10 760 439
1787065503.8521 875 10 760 439
1787065503.8666 875 10 760 439
1787065503.8726 875 10 760 439
1787065503.8876 875 10 760 439
1787065503.8940 875 10 760 439
1787065503.9065 875 10 760 439
1787065503.9129 875 10 760 439
1787065503.9265 875 10 760 439
1787065503.9334 875 10 760 439
1787065503.9477 875 10 760 439
1787065503.9522 875 10 760 439
1787065503.9697 875 10 760 439
1787065503.9717 875 10 760 439
1787065503.9901 875 10 760 439
1787065503.9904 875 10 760 439
1787065504.0095 875 10 760 439
1787065504.0113 875 10 760 439
1787065504.0294 875 10 760 439
1787065504.0322 875 10 760 439
1787065504.0503 875 10 760 439
1787065504.0532 875 10 760 439
1787065504.0704 875 10 760 439
1787065504.0755 875 10 760 439
1787065504.0886 875 10 760 439
1787065504.0951 875 10 760 439
1787065504.1104 875 10 760 439
1787065504.1167 875 10 760 439
1787065504.1316 875 10 760 439
1787065504.1367 875 10 760 439
1787065504.1515 875 10 760 439
1787065504.1574 875 10 760 439
1787065504.1724 875 10 760 439
1787065504.1793 875 10 760 439
1787065504.1925 875 10 760 439
1787065504.1996 875 10 760 439
1787065504.2116 875 10 760 439
1787065504.2204 875 10 760 439
1787065504.2333 875 10 760 439
1787065504.2395 875 10 760 439
1787065504.2544 875 10 760 439
1787065504.2583 875 10 760 439
1787065504.2745 875 10 760 439
1787065504.2775 875 10 760 439
1787065504.2952 875 10 760 439
1787065504.2984 875 10 760 439
1787065504.3167 875 10 760 439
1787065504.3183 875 10 760 439
1787065504.3374 875 10 760 439
1787065504.3387 875 10 760 439
1787065504.3586 875 10 760 439
1787065504.3593 875 10 760 439
1787065504.3793 875 10 760 439
1787065504.3811 875 10 760 439
1787065504.4004 875 10 760 439
1787065504.4010 875 10 760 439
1787065504.4203 875 10 760 439
1787065504.4207 875 10 760 439
1787065504.4398 875 10 760 439
1787065504.4410 875 10 760 439
1787065504.4604 875 10 760 439
1787065504.4623 875 10 760 439
1787065504.4802 875 10 760 439
1787065504.4810 875 10 760 439
1787065504.5014 875 10 760 439
1787065504.5017 875 10 760 439
1787065504.5216 875 10 760 439
1787065504.5236 875 10 760 439
1787065504.5421 875 10 760 439
1787065504.5432 875 10 760 439
1787065504.5627 875 10 760 439
1787065504.5643 875 10 760 439
1787065504.5820 875 10 760 439
1787065504.5848 875 10 760 439
1787065504.6017 875 10 760 439
1787065504.6044 875 10 760 439
1787065504.6228 875 10 760 439
1787065504.6264 875 10 760 439
1787065504.6443 875 10 760 439
1787065504.6459 875 10 760 439
1787065504.6640 875 10 760 439
1787065504.6650 875 10 760 439
1787065504.6851 875 10 760 439
1787065504.6856 875 10 760 439
1787065504.7054 875 10 760 439
1787065504.7068 875 10 760 439
1787065504.7277 875 10 760 439
1787065504.7278 875 10 760 439
1787065504.7486 875 10 760 439
1787065504.7491 875 10 760 439
1787065504.7693 875 10 760 439
1787065504.7699 875 10 760 439
1787065504.7888 875 10 760 439
1787065504.7906 875 10 760 439
1787065504.8075 875 10 760 439
1787065504.8112 875 10 760 439
1787065504.8289 875 10 760 439
1787065504.8320 875 10 760 439
1787065504.8485 875 10 760 439
1787065504.8523 875 10 760 439
1787065504.8696 875 10 760 439
1787065504.8728 875 10 760 439
1787065504.8911 875 10 760 439
1787065504.8936 875 10 760 439
1787065504.9130 875 10 760 439
1787065504.9138 875 10 760 439
1787065504.9332 875 10 760 439
1787065504.9332 875 10 760 439
1787065504.9539 875 10 760 439
1787065504.9542 875 10 760 439
1787065504.9737 875 10 760 439
1787065504.9749 875 10 760 439
1787065504.9933 875 10 760 439
1787065504.9938 875 10 760 439
1787065505.0145 875 10 760 439
1787065505.0148 875 10 760 439
1787065505.0341 875 10 760 439
1787065505.0359 875 10 760 439
1787065505.0537 875 10 760 439
1787065505.0573 875 10 760 439
1787065505.0734 875 10 760 439
1787065505.0769 875 10 760 439
1787065505.0947 875 10 760 439
1787065505.0962 875 10 760 439
1787065505.1164 875 10 760 439
1787065505.1169 875 10 760 439
1787065505.1349 875 10 760 439
1787065505.1367 875 10 760 439
1787065505.1559 875 10 760 439
1787065505.1581 875 10 760 439
1787065505.1773 875 10 760 439
1787065505.1774 875 10 760 439
1787065505.1976 875 10 760 439
1787065505.1978 875 10 760 439
1787065505.2184 875 10 760 439
1787065505.2186 875 10 760 439
1787065505.2381 875 10 760 439
1787065505.2387 875 10 760 439
1787065505.2596 875 10 760 439
1787065505.2602 875 10 760 439
1787065505.2809 875 10 760 439
1787065505.2817 875 10 760 439
1787065505.3022 875 10 760 439
1787065505.3026 875 10 760 439
1787065505.3222 875 10 760 439
1787065505.3228 875 10 760 439
1787065505.3415 875 10 760 439
1787065505.3426 875 10 760 439
1787065505.3622 875 10 760 439
1787065505.3622 875 10 760 439
1787065505.3832 875 10 760 439
1787065505.3835 875 10 760 439
1787065505.4028 875 10 760 439
1787065505.4031 875 10 760 439
1787065505.4209 875 10 760 439
1787065505.4241 875 10 760 439
1787065505.4395 875 10 760 439
1787065505.4457 875 10 760 439
1787065505.4592 875 10 760 439
1787065505.4668 875 10 760 439
1787065505.4782 875 10 760 439
1787065505.4868 875 10 760 439
1787065505.4980 875 10 760 439
1787065505.5063 875 10 760 439
1787065505.5173 875 10 760 439
1787065505.5266 875 10 760 439
1787065505.5377 875 10 760 439
1787065505.5489 875 10 760 439
1787065505.5585 875 10 760 439
1787065505.5705 875 10 760 439
1787065505.5795 875 10 760 439
1787065505.5908 875 10 760 439
1787065505.6005 875 10 760 439
1787065505.6111 875 10 760 439
1787065505.6202 875 10 760 439
1787065505.6338 875 10 760 439
1787065505.6409 875 10 760 439
1787065505.6543 875 10 760 439
1787065505.6624 875 10 760 439
1787065505.6759 875 10 760 439
1787065505.6837 875 10 760 439
1787065505.6966 875 10 760 439
1787065505.7043 875 10 760 439
1787065505.7168 875 10 760 439
1787065505.7251 875 10 760 439
1787065505.7379 875 10 760 439
1787065505.7469 875 10 760 439
1787065505.7607 875 10 760 439
1787065505.7667 875 10 760 439
1787065505.7820 875 10 760 439
1787065505.7880 875 10 760 439
1787065505.8031 875 10 760 439
1787065505.8085 875 10 760 439
1787065505.8241 875 10 760 439
1787065505.8279 875 10 760 439
1787065505.8434 875 10 760 439
1787065505.8481 875 10 760 439
1787065505.8630 875 10 760 439
1787065505.8707 875 10 760 439
1787065505.8829 875 10 760 439
1787065505.8921 875 10 760 439
1787065505.9039 875 10 760 439
1787065505.9139 875 10 760 439
1787065505.9235 875 10 760 439
1787065505.9356 875 10 760 439
1787065505.9438 875 10 760 439
1787065505.9559 875 10 760 439
1787065505.9637 875 10 760 439
1787065505.9755 875 10 760 439
1787065505.9855 875 10 760 439
1787065505.9961 875 10 760 439
1787065506.0065 875 10 760 439
1787065506.0175 875 10 760 439
1787065506.0259 875 10 760 439
1787065506.0394 875 10 760 439
1787065506.0462 875 10 760 439
1787065506.0617 875 10 760 439
1787065506.0666 875 10 760 439
1787065506.0844 875 10 760 439
1787065506.0886 875 10 760 439
1787065506.1056 875 10 760 439
1787065506.1100 875 10 760 439
1787065506.1243 875 10 760 439
1787065506.1295 875 10 760 439
1787065506.1447 875 10 760 439
1787065506.1491 875 10 760 439
1787065506.1654 875 10 760 439
1787065506.1685 875 10 760 439
1787065506.1858 875 10 760 439
1787065506.1896 875 10 760 439
1787065506.2071 875 10 760 439
1787065506.2091 875 10 760 439
1787065506.2278 875 10 760 439
1787065506.2285 875 10 760 439
1787065506.2484 875 10 760 439
1787065506.2489 875 10 760 439
1787065506.2690 875 10 760 439
1787065506.2705 875 10 760 439
1787065506.2895 875 10 760 439
1787065506.2914 875 10 760 439
1787065506.3117 875 10 760 439
1787065506.3130 875 10 760 439
1787065506.3310 875 10 760 439
1787065506.3340 875 10 760 439
1787065506.3509 875 10 760 439
1787065506.3542 875 10 760 439
1787065506.3704 875 10 760 439
1787065506.3734 875 10 760 439
1787065506.3906 875 10 760 439
1787065506.3931 875 10 760 439
1787065506.4097 875 10 760 439
1787065506.4155 875 10 760 439
1787065506.4305 875 10 760 439
1787065506.4345 875 10 760 439
1787065506.4525 875 10 760 439
1787065506.4551 875 10 760 439
1787065506.4731 875 10 760 439
1787065506.4763 875 10 760 439
1787065506.4952 875 10 760 439
1787065506.4963 875 10 760 439
1787065506.5143 875 10 760 439
1787065506.5176 875 10 760 439
1787065506.5338 875 10 760 439
1787065506.5368 875 10 760 439
1787065506.5562 875 10 760 439
1787065506.5586 875 10 760 439
1787065506.5774 875 10 760 439
1787065506.5791 875 10 760 439
1787065506.5980 875 10 760 439
1787065506.5985 875 10 760 439
1787065506.6180 875 10 760 439
1787065506.6181 875 10 760 439
1787065506.6381 875 10 760 439
1787065506.6382 875 10 760 439
1787065506.6579 875 10 760 439
1787065506.6595 875 10 760 439
1787065506.6803 875 10 760 439
1787065506.6811 875 10 760 439
1787065506.7004 875 10 760 439
1787065506.7018 875 10 760 439
1787065506.7213 875 10 760 439
1787065506.7224 875 10 760 439
1787065506.7430 875 10 760 439
1787065506.7434 875 10 760 439
1787065506.7627 875 10 760 439
1787065506.7642 875 10 760 439
1787065506.7822 875 10 760 439
1787065506.7840 875 10 760 439
1787065506.8017 875 10 760 439
1787065506.8057 875 10 760 439
1787065506.8217 875 10 760 439
1787065506.8255 875 10 760 439
1787065506.8400 875 10 760 439
1787065506.8472 875 10 760 439
1787065506.8604 875 10 760 439
1787065506.8675 875 10 760 439
1787065506.8810 875 10 760 439
1787065506.8870 875 10 760 439
1787065506.9009 875 10 760 439
1787065506.9071 875 10 760 439
1787065506.9209 875 10 760 439
1787065506.9275 875 10 760 439
1787065506.9421 875 10 760 439
1787065506.9495 875 10 760 439
1787065506.9617 875 10 760 439
1787065506.9693 875 10 760 439
1787065506.9824 875 10 760 439
1787065506.9907 875 10 760 439
1787065507.0030 875 10 760 439
1787065507.0112 875 10 760 439
1787065507.0244 875 10 760 439
1787065507.0313 875 10 760 439
1787065507.0465 875 10 760 439
1787065507.0519 875 10 760 439
1787065507.0689 875 10 760 439
1787065507.0718 875 10 760 439
1787065507.0881 875 10 760 439
1787065507.0941 875 10 760 439
1787065507.1094 875 10 760 439
1787065507.1139 875 10 760 439
1787065507.1305 875 10 760 439
1787065507.1353 875 10 760 439
1787065507.1504 875 10 760 439
1787065507.1563 875 10 760 439
1787065507.1706 875 10 760 439
1787065507.1777 875 10 760 439
1787065507.1937 875 10 760 439
1787065507.2003 875 10 760 439
1787065507.2140 875 10 760 439
1787065507.2196 875 10 760 439
1787065507.2343 875 10 760 439
1787065507.2404 875 10 760 439
1787065507.2545 875 10 760 439
1787065507.2599 875 10 760 439
1787065507.2735 875 10 760 439
1787065507.2809 875 10 760 439
1787065507.2941 875 10 760 439
1787065507.3008 875 10 760 439
1787065507.3173 875 10 760 439
1787065507.3209 875 10 760 439
1787065507.3368 875 10 760 439
1787065507.3410 875 10 760 439
1787065507.3586 875 10 760 439
1787065507.3619 875 10 760 439
1787065507.3795 875 10 760 439
1787065507.3831 875 10 760 439
1787065507.3990 875 10 760 439
1787065507.4023 875 10 760 439
1787065507.4204 875 10 760 439
1787065507.4207 875 10 760 439
1787065507.4413 875 10 760 439
1787065507.4420 875 10 760 439
1787065507.4624 875 10 760 439
1787065507.4630 875 10 760 439
1787065507.4824 875 10 760 439
1787065507.4824 875 10 760 439
1787065507.5026 875 10 760 439
1787065507.5034 875 10 760 439
1787065507.5236 875 10 760 439
1787065507.5237 875 10 760 439
1787065507.5429 875 10 760 439
1787065507.5455 875 10 760 439
1787065507.5622 875 10 760 439
1787065507.5671 875 10 760 439
1787065507.5824 875 10 760 439
1787065507.5879 875 10 760 439
1787065507.6030 875 10 760 439
1787065507.6069 875 10 760 439
1787065507.6238 875 10 760 439
1787065507.6283 875 10 760 439
1787065507.6453 875 10 760 439
1787065507.6481 875 10 760 439
1787065507.6648 875 10 760 439
1787065507.6698 875 10 760 439
1787065507.6857 875 10 760 439
1787065507.6897 875 10 760 439
1787065507.7068 875 10 760 439
1787065507.7119 875 10 760 439
1787065507.7269 875 10 760 439
1787065507.7324 875 10 760 439
1787065507.7487 875 10 760 439
1787065507.7544 875 10 760 439
1787065507.7692 875 10 760 439
1787065507.7756 875 10 760 439
1787065507.7891 875 10 760 439
1787065507.7947 875 10 760 439
1787065507.8110 875 10 760 439
1787065507.8155 875 10 760 439
1787065507.8316 875 10 760 439
1787065507.8344 875 10 760 439
1787065507.8523 875 10 760 439
1787065507.8538 875 10 760 439
1787065507.8726 875 10 760 439
1787065507.8756 875 10 760 439
1787065507.8936 875 10 760 439
1787065507.8945 875 10 760 439
1787065507.9131 875 10 760 439
1787065507.9132 875 10 760 439
1787065507.9316 875 10 760 439
1787065507.9341 875 10 760 439
1787065507.9521 875 10 760 439
1787065507.9548 875 10 760 439
1787065507.9730 875 10 760 439
1787065507.9744 875 10 760 439
1787065507.9929 875 10 760 439
1787065507.9939 875 10 760 439
1787065508.0135 875 10 760 439
1787065508.0136 875 10 760 439
1787065508.0339 875 10 760 439
1787065508.0341 875 10 760 439
1787065508.0550 875 10 760 439
1787065508.0560 875 10 760 439
1787065508.0762 875 10 760 439
1787065508.0762 875 10 760 439
1787065508.0958 875 10 760 439
1787065508.0982 875 10 760 439
1787065508.1168 875 10 760 439
1787065508.1180 875 10 760 439
1787065508.1374 875 10 760 439
1787065508.1386 875 10 760 439
1787065508.1577 875 10 760 439
1787065508.1578 875 10 760 439
1787065508.1773 875 10 760 439
1787065508.1784 875 10 760 439
1787065508.1979 875 10 760 439
1787065508.1979 875 10 760 439
1787065508.2190 875 10 760 439
1787065508.2196 875 10 760 439
1787065508.2382 875 10 760 439
1787065508.2401 875 10 760 439
1787065508.2596 875 10 760 439
1787065508.2598 875 10 760 439
1787065508.2797 875 10 760 439
1787065508.2812 875 10 760 439
1787065508.3010 875 10 760 439
1787065508.3028 875 10 760 439
1787065508.3220 875 10 760 439
1787065508.3237 875 10 760 439
1787065508.3428 875 10 760 439
1787065508.3438 875 10 760 439
1787065508.3627 875 10 760 439
1787065508.3652 875 10 760 439
1787065508.3839 875 10 760 439
1787065508.3846 875 10 760 439
1787065508.4031 875 10 760 439
1787065508.4048 875 10 760 439
1787065508.4231 875 10 760 439
1787065508.4243 875 10 760 439
1787065508.4429 875 10 760 439
1787065508.4441 875 10 760 439
1787065508.4629 875 10 760 439
1787065508.4629 875 10 760 439
1787065508.4823 875 10 760 439
1787065508.4836 875 10 760 439
1787065508.5017 875 10 760 439
1787065508.5034 875 10 760 439
1787065508.5228 875 10 760 439
1787065508.5243 875 10 760 439
1787065508.5431 875 10 760 439
1787065508.5450 875 10 760 439
1787065508.5637 875 10 760 439
1787065508.5656 875 10 760 439
1787065508.5842 875 10 760 439
1787065508.5873 875 10 760 439
1787065508.6045 875 10 760 439
1787065508.6073 875 10 760 439
1787065508.6238 875 10 760 439
1787065508.6283 875 10 760 439
1787065508.6453 875 10 760 439
1787065508.6478 875 10 760 439
1787065508.6640 875 10 760 439
1787065508.6673 875 10 760 439
1787065508.6846 875 10 760 439
1787065508.6859 875 10 760 439
1787065508.7058 875 10 760 439
1787065508.7068 875 10 760 439
1787065508.7251 875 10 760 439
1787065508.7261 875 10 760 439
1787065508.7447 875 10 760 439
1787065508.7458 875 10 760 439
1787065508.7655 875 10 760 439
1787065508.7656 875 10 760 439
1787065508.7852 875 10 760 439
1787065508.7860 875 10 760 439
1787065508.8048 875 10 760 439
1787065508.8085 875 10 760 439
1787065508.8263 875 10 760 439
1787065508.8293 875 10 760 439
1787065508.8483 875 10 760 439
1787065508.8492 875 10 760 439
1787065508.8680 875 10 760 439
1787065508.8688 875 10 760 439
1787065508.8883 875 10 760 439
1787065508.8888 875 10 760 439
1787065508.9083 875 10 760 439
1787065508.9100 875 10 760 439
1787065508.9291 875 10 760 439
1787065508.9306 875 10 760 439
1787065508.9499 875 10 760 439
1787065508.9515 875 10 760 439
1787065508.9711 875 10 760 439
1787065508.9715 875 10 760 439
1787065508.9913 875 10 760 439
1787065508.9921 875 10 760 439
1787065509.0120 875 10 760 439
1787065509.0122 875 10 760 439
1787065509.0335 875 10 760 439
1787065509.0338 875 10 760 439
1787065509.0544 875 10 760 439
1787065509.0558 875 10 760 439
1787065509.0739 875 10 760 439
1787065509.0764 875 10 760 439
1787065509.0927 875 10 760 439
1787065509.0960 875 10 760 439
1787065509.1125 875 10 760 439
1787065509.1152 875 10 760 439
1787065509.1331 875 10 760 439
1787065509.1353 875 10 760 439
1787065509.1546 875 10 760 439
1787065509.1548 875 10 760 439
1787065509.1735 875 10 760 439
1787065509.1753 875 10 760 439
1787065509.1947 875 10 760 439
1787065509.1957 875 10 760 439
1787065509.2155 875 10 760 439
1787065509.2164 875 10 760 439
1787065509.2358 875 10 760 439
1787065509.2367 875 10 760 439
1787065509.2558 875 10 760 439
1787065509.2573 875 10 760 439
1787065509.2765 875 10 760 439
1787065509.2766 875 10 760 439
1787065509.2971 875 10 760 439
1787065509.2988 875 10 760 439
1787065509.3180 875 10 760 439
1787065509.3189 875 10 760 439
1787065509.3387 875 10 760 439
1787065509.3398 875 10 760 439
1787065509.3590 875 10 760 439
1787065509.3616 875 10 760 439
1787065509.3793 875 10 760 439
1787065509.3837 875 10 760 439
1787065509.4018 875 10 760 439
1787065509.4038 875 10 760 439
1787065509.4214 875 10 760 439
1787065509.4245 875 10 760 439
1787065509.4430 875 10 760 439
1787065509.4469 875 10 760 439
1787065509.4641 875 10 760 439
1787065509.4669 875 10 760 439
1787065509.4846 875 10 760 439
1787065509.4887 875 10 760 439
1787065509.5053 875 10 760 439
1787065509.5094 875 10 760 439
1787065509.5279 875 10 760 439
1787065509.5306 875 10 760 439
1787065509.5470 875 10 760 439
1787065509.5493 875 10 760 439
1787065509.5669 875 10 760 439
1787065509.5694 875 10 760 439
1787065509.5886 875 10 760 439
1787065509.5905 875 10 760 439
1787065509.6093 875 10 760 439
1787065509.6098 875 10 760 439
1787065509.6296 875 10 760 439
1787065509.6297 875 10 760 439
1787065509.6483 875 10 760 439
1787065509.6493 875 10 760 439
1787065509.6685 875 10 760 439
1787065509.6691 875 10 760 439
1787065509.6901 875 10 760 439
1787065509.6907 875 10 760 439
1787065509.7104 875 10 760 439
1787065509.7106 875 10 760 439
1787065509.7305 875 10 760 439
1787065509.7306 875 10 760 439
1787065509.7505 875 10 760 439
1787065509.7511 875 10 760 439
1787065509.7705 875 10 760 439
1787065509.7726 875 10 760 439
1787065509.7903 875 10 760 439
1787065509.7916 875 10 760 439
1787065509.8111 875 10 760 439
1787065509.8118 875 10 760 439
1787065509.8310 875 10 760 439
1787065509.8317 875 10 760 439
1787065509.8513 875 10 760 439
1787065509.8516 875 10 760 439
1787065509.8708 875 10 760 439
1787065509.8711 875 10 760 439
1787065509.8896 875 10 760 439
1787065509.8936 875 10 760 439
1787065509.9101 875 10 760 439
1787065509.9130 875 10 760 439
1787065509.9306 875 10 760 439
1787065509.9350 875 10 760 439
1787065509.9520 875 10 760 439
1787065509.9567 875 10 760 439
1787065509.9735 875 10 760 439
1787065509.9771 875 10 760 439
1787065509.9934 875 10 760 439
1787065509.9969 875 10 760 439
1787065510.0158 875 10 760 439
1787065510.0177 875 10 760 439
1787065510.0366 875 10 760 439
1787065510.0376 875 10 760 439
1787065510.0582 875 10 760 439
1787065510.0582 875 10 760 439
1787065510.0775 875 10 760 439
1787065510.0777 875 10 760 439
1787065510.0961 875 10 760 439
1787065510.0971 875 10 760 439
1787065510.1167 875 10 760 439
1787065510.1181 875 10 760 439
1787065510.1367 875 10 760 439
1787065510.1371 875 10 760 439
1787065510.1579 875 10 760 439
1787065510.1591 875 10 760 439
1787065510.1796 875 10 760 439
1787065510.1799 875 10 760 439
1787065510.1983 875 10 760 439
1787065510.1987 875 10 760 439
1787065510.2166 875 10 760 439
1787065510.2194 875 10 760 439
1787065510.2362 875 10 760 439
1787065510.2386 875 10 760 439
1787065510.2567 875 10 760 439
1787065510.2593 875 10 760 439
1787065510.2769 875 10 760 439
1787065510.2798 875 10 760 439
1787065510.2981 875 10 760 439
1787065510.2993 875 10 760 439
1787065510.3194 875 10 760 439
1787065510.3196 875 10 760 439
1787065510.3384 875 10 760 439
1787065510.3393 875 10 760 439
1787065510.3587 875 10 760 439
1787065510.3588 875 10 760 439
1787065510.3781 875 10 760 439
1787065510.3801 875 10 760 439
1787065510.4004 875 10 760 439
1787065510.4023 875 10 760 439
1787065510.4216 875 10 760 439
1787065510.4236 875 10 760 439
1787065510.4415 875 10 760 439
1787065510.4456 875 10 760 439
1787065510.4646 875 10 760 439
1787065510.4649 875 10 760 439
1787065510.4837 875 10 760 439
1787065510.4860 875 10 760 439
1787065510.5048 875 10 760 439
1787065510.5063 875 10 760 439
1787065510.5258 875 10 760 439
1787065510.5277 875 10 760 439
1787065510.5463 875 10 760 439
1787065510.5474 875 10 760 439
1787065510.5673 875 10 760 439
1787065510.5676 875 10 760 439
1787065510.5869 875 10 760 439
1787065510.5899 875 10 760 439
1787065510.6083 875 10 760 439
1787065510.6092 875 10 760 439
1787065510.6278 875 10 760 439
1787065510.6307 875 10 760 439
1787065510.6479 875 10 760 439
1787065510.6525 875 10 760 439
1787065510.6680 875 10 760 439
1787065510.6725 875 10 760 439
1787065510.6877 875 10 760 439
1787065510.6936 875 10 760 439
1787065510.7085 875 10 760 439
1787065510.7130 875 10 760 439
1787065510.7287 875 10 760 439
1787065510.7351 875 10 760 439
1787065510.7492 875 10 760 439
1787065510.7551 875 10 760 439
1787065510.7706 875 10 760 439
1787065510.7748 875 10 760 439
1787065510.7898 875 10 760 439
1787065510.7965 875 10 760 439
1787065510.8103 875 10 760 439
1787065510.8165 875 10 760 439
1787065510.8312 875 10 760 439
1787065510.8382 875 10 760 439
1787065510.8516 875 10 760 439
1787065510.8589 875 10 760 439
1787065510.8726 875 10 760 439
1787065510.8796 875 10 760 439
1787065510.8944 875 10 760 439
1787065510.9012 875 10 760 439
1787065510.9161 875 10 760 439
1787065510.9191 875 10 760 439
1787065510.9359 875 10 760 439
1787065510.9391 875 10 760 439
1787065510.9567 875 10 760 439
1787065510.9593 875 10 760 439
1787065510.9757 875 10 760 439
1787065510.9818 875 10 760 439
1787065510.9960 875 10 760 439
1787065511.0019 875 10 760 439
1787065511.0168 875 10 760 439
1787065511.0213 875 10 760 439
1787065511.0382 875 10 760 439
1787065511.0422 875 10 760 439
1787065511.0586 875 10 760 439
1787065511.0626 875 10 760 439
1787065511.0798 875 10 760 439
1787065511.0812 875 10 760 439
1787065511.0998 875 10 760 439
1787065511.1012 875 10 760 439
1787065511.1202 875 10 760 439
1787065511.1216 875 10 760 439
1787065511.1421 875 10 760 439
1787065511.1423 875 10 760 439
1787065511.1622 875 10 760 439
1787065511.1631 875 10 760 439
1787065511.1844 875 10 760 439
1787065511.1848 875 10 760 439
1787065511.2060 875 10 760 439
1787065511.2067 875 10 760 439
1787065511.2271 875 10 760 439
1787065511.2280 875 10 760 439
1787065511.2479 875 10 760 439
1787065511.2481 875 10 760 439
1787065511.2679 875 10 760 439
1787065511.2692 875 10 760 439
1787065511.2887 875 10 760 439
1787065511.2889 875 10 760 439
1787065511.3074 875 10 760 439
1787065511.3085 875 10 760 439
1787065511.3276 875 10 760 439
1787065511.3289 875 10 760 439
1787065511.3499 875 10 760 439
1787065511.3510 875 10 760 439
1787065511.3710 875 10 760 439
1787065511.3722 875 10 760 439
1787065511.3933 875 10 760 439
1787065511.3934 875 10 760 439
1787065511.4143 875 10 760 439
1787065511.4144 875 10 760 439
1787065511.4332 875 10 760 439
1787065511.4356 875 10 760 439
1787065511.4539 875 10 760 439
1787065511.4555 875 10 760 439
1787065511.4746 875 10 760 439
1787065511.4752 875 10 760 439
1787065511.4931 875 10 760 439
1787065511.4956 875 10 760 439
1787065511.5149 875 10 760 439
1787065511.5163 875 10 760 439
1787065511.5355 875 10 760 439
1787065511.5361 875 10 760 439
1787065511.5553 875 10 760 439
1787065511.5570 875 10 760 439
1787065511.5768 875 10 760 439
1787065511.5772 875 10 760 439
1787065511.5961 875 10 760 439
1787065511.5975 875 10 760 439
1787065511.6162 875 10 760 439
1787065511.6170 875 10 760 439
1787065511.6380 875 10 760 439
1787065511.6381 875 10 760 439
1787065511.6574 875 10 760 439
1787065511.6581 875 10 760 439
1787065511.6777 875 10 760 439
1787065511.6781 875 10 760 439
1787065511.6981 875 10 760 439
1787065511.6985 875 10 760 439
1787065511.7175 875 10 760 439
1787065511.7185 875 10 760 439
1787065511.7373 875 10 760 439
1787065511.7402 875 10 760 439
1787065511.7593 875 10 760 439
1787065511.7613 875 10 760 439
1787065511.7785 875 10 760 439
1787065511.7813 875 10 760 439
1787065511.7988 875 10 760 439
1787065511.8035 875 10 760 439
1787065511.8197 875 10 760 439
1787065511.8245 875 10 760 439
1787065511.8429 875 10 760 439
1787065511.8439 875 10 760 439
1787065511.8658 875 10 760 439
1787065511.8668 875 10 760 439
1787065511.8874 875 10 760 439
1787065511.8877 875 10 760 439
1787065511.9064 875 10 760 439
1787065511.9072 875 10 760 439
1787065511.9278 875 10 760 439
1787065511.9278 875 10 760 439
1787065511.9473 875 10 760 439
1787065511.9500 875 10 760 439
1787065511.9679 875 10 760 439
1787065511.9704 875 10 760 439
1787065511.9884 875 10 760 439
1787065511.9895 875 10 760 439
1787065512.0084 875 10 760 439
1787065512.0102 875 10 760 439
1787065512.0285 875 10 760 439
1787065512.0314 875 10 760 439
1787065512.0493 875 10 760 439
1787065512.0505 875 10 760 439
1787065512.0692 875 10 760 439
1787065512.0697 875 10 760 439
1787065512.0898 875 10 760 439
1787065512.0903 875 10 760 439
1787065512.1102 875 10 760 439
1787065512.1105 875 10 760 439
1787065512.1298 875 10 760 439
1787065512.1307 875 10 760 439
1787065512.1497 875 10 760 439
1787065512.1498 875 10 760 439
1787065512.1694 875 10 760 439
1787065512.1716 875 10 760 439
1787065512.1921 875 10 760 439
1787065512.1925 875 10 760 439
1787065512.2127 875 10 760 439
1787065512.2130 875 10 760 439
1787065512.2324 875 10 760 439
1787065512.2326 875 10 760 439
1787065512.2519 875 10 760 439
1787065512.2531 875 10 760 439
1787065512.2714 875 10 760 439
1787065512.2739 875 10 760 439
1787065512.2928 875 10 760 439
1787065512.2943 875 10 760 439
1787065512.3133 875 10 760 439
1787065512.3157 875 10 760 439
1787065512.3336 875 10 760 439
1787065512.3370 875 10 760 439
1787065512.3529 875 10 760 439
1787065512.3597 875 10 760 439
1787065512.3729 875 10 760 439
1787065512.3802 875 10 760 439
1787065512.3932 875 10 760 439
1787065512.3997 875 10 760 439
1787065512.4144 875 10 760 439
1787065512.4216 875 10 760 439
1787065512.4345 875 10 760 439
1787065512.4444 875 10 760 439
1787065512.4550 875 10 760 439
1787065512.4645 875 10 760 439
1787065512.4746 875 10 760 439
1787065512.4861 875 10 760 439
1787065512.4946 875 10 760 439
1787065512.5064 875 10 760 439
1787065512.5157 875 10 760 439
1787065512.5270 875 10 760 439
1787065512.5360 875 10 760 439
1787065512.5464 875 10 760 439
1787065512.5566 875 10 760 439
1787065512.5661 875 10 760 439
1787065512.5785 875 10 760 439
1787065512.5863 875 10 760 439
1787065512.5977 875 10 760 439
1787065512.6072 875 10 760 439
1787065512.6182 875 10 760 439
1787065512.6287 875 10 760 439
1787065512.6394 875 10 760 439
1787065512.6500 875 10 760 439
1787065512.6597 875 10 760 439
1787065512.6700 875 10 760 439
1787065512.6798 875 10 760 439
1787065512.6898 875 10 760 439
1787065512.7005 875 10 760 439
1787065512.7117 875 10 760 439
1787065512.7220 875 10 760 439
1787065512.7321 875 10 760 439
1787065512.7418 875 10 760 439
1787065512.7531 875 10 760 439
1787065512.7615 875 10 760 439
1787065512.7727 875 10 760 439
1787065512.7827 875 10 760 439
1787065512.7928 875 10 760 439
1787065512.8043 875 10 760 439
1787065512.8126 875 10 760 439
1787065512.8253 875 10 760 439
1787065512.8334 875 10 760 439
1787065512.8461 875 10 760 439
1787065512.8524 875 10 760 439
1787065512.8660 875 10 760 439
1787065512.8720 875 10 760 439
1787065512.8887 875 10 760 439
1787065512.8923 875 10 760 439
1787065512.9114 875 10 760 439
1787065512.9122 875 10 760 439
1787065512.9323 875 10 760 439
1787065512.9326 875 10 760 439
1787065512.9541 875 10 760 439
1787065512.9541 875 10 760 439
1787065512.9746 875 10 760 439
1787065512.9758 875 10 760 439
1787065512.9950 875 10 760 439
1787065512.9971 875 10 760 439
1787065513.0156 875 10 760 439
1787065513.0161 875 10 760 439
1787065513.0345 875 10 760 439
1787065513.0357 875 10 760 439
1787065513.0568 875 10 760 439
1787065513.0569 875 10 760 439
1787065513.0787 875 10 760 439
1787065513.0788 875 10 760 439
1787065513.1010 875 10 760 439
1787065513.1025 875 10 760 439
1787065513.1223 875 10 760 439
1787065513.1228 875 10 760 439
1787065513.1428 875 10 760 439
1787065513.1439 875 10 760 439
1787065513.1644 875 10 760 439
1787065513.1654 875 10 760 439
1787065513.1872 875 10 760 439
1787065513.1873 875 10 760 439
1787065513.2110 875 10 760 439
1787065513.2141 875 10 760 439
1787065513.2349 875 10 760 439
1787065513.2383 875 10 760 439
1787065513.2562 875 10 760 439
1787065513.2580 875 10 760 439
1787065513.2763 875 10 760 439
1787065513.2795 875 10 760 439
1787065513.2949 875 10 760 439
1787065513.3011 875 10 760 439
1787065513.3226 875 10 760 439
1787065513.3336 875 10 760 439
1787065513.3634 875 10 760 439
1787065513.3784 875 10 760 439
1787065513.4198 875 10 760 439
1787065513.4221 875 10 760 439
1787065513.4549 875 10 760 439
1787065513.4560 875 10 760 439
1787065513.4777 875 10 760 439
1787065513.4781 875 10 760 439
1787065513.4968 875 10 760 439
1787065513.4996 875 10 760 439
1787065513.5180 875 10 760 439
1787065513.5191 875 10 760 439
1787065513.5375 875 10 760 439
1787065513.5384 875 10 760 439
1787065513.5566 875 10 760 439
1787065513.5585 875 10 760 439
1787065513.5774 875 10 760 439
1787065513.5800 875 10 760 439
1787065513.5986 875 10 760 439
1787065513.6007 875 10 760 439
1787065513.6188 875 10 760 439
1787065513.6223 875 10 760 439
1787065513.6396 875 10 760 439
1787065513.6430 875 10 760 439
1787065513.6609 875 10 760 439
1787065513.6638 875 10 760 439
1787065513.6823 875 10 760 439
1787065513.6824 875 10 760 439
1787065513.7024 875 10 760 439
1787065513.7042 875 10 760 439
1787065513.7236 875 10 760 439
1787065513.7245 875 10 760 439
1787065513.7419 875 10 760 439
1787065513.7446 875 10 760 439
1787065513.7633 875 10 760 439
1787065513.7647 875 10 760 439
1787065513.7837 875 10 760 439
1787065513.7850 875 10 760 439
1787065513.8034 875 10 760 439
1787065513.8069 875 10 760 439
1787065513.8226 875 10 760 439
1787065513.8274 875 10 760 439
1787065513.8435 875 10 760 439
1787065513.8468 875 10 760 439
1787065513.8639 875 10 760 439
1787065513.8670 875 10 760 439
1787065513.8848 875 10 760 439
1787065513.8881 875 10 760 439
1787065513.9054 875 10 760 439
1787065513.9083 875 10 760 439
1787065513.9257 875 10 760 439
1787065513.9269 875 10 760 439
1787065513.9459 875 10 760 439
1787065513.9467 875 10 760 439
1787065513.9662 875 10 760 439
1787065513.9676 875 10 760 439
1787065513.9875 875 10 760 439
1787065513.9879 875 10 760 439
1787065514.0109 875 10 760 439
1787065514.0110 875 10 760 439
1787065514.0329 875 10 760 439
1787065514.0334 875 10 760 439
1787065514.0549 875 10 760 439
1787065514.0554 875 10 760 439
1787065514.0770 875 10 760 439
1787065514.0777 875 10 760 439
1787065514.0971 875 10 760 439
1787065514.0987 875 10 760 439
1787065514.1173 875 10 760 439
1787065514.1178 875 10 760 439
1787065514.1370 875 10 760 439
1787065514.1377 875 10 760 439
1787065514.1576 875 10 760 439
1787065514.1582 875 10 760 439
1787065514.1776 875 10 760 439
1787065514.1776 875 10 760 439
1787065514.1988 875 10 760 439
1787065514.1989 875 10 760 439
1787065514.2190 875 10 760 439
1787065514.2194 875 10 760 439
1787065514.2384 875 10 760 439
1787065514.2390 875 10 760 439
1787065514.2575 875 10 760 439
1787065514.2596 875 10 760 439
1787065514.2767 875 10 760 439
1787065514.2802 875 10 760 439
1787065514.2981 875 10 760 439
1787065514.2987 875 10 760 439
1787065514.3191 875 10 760 439
1787065514.3192 875 10 760 439
1787065514.3403 875 10 760 439
1787065514.3406 875 10 760 439
1787065514.3613 875 10 760 439
1787065514.3615 875 10 760 439
1787065514.3835 875 10 760 439
1787065514.3841 875 10 760 439
1787065514.4053 875 10 760 439
1787065514.4055 875 10 760 439
1787065514.4251 875 10 760 439
1787065514.4261 875 10 760 439
1787065514.4452 875 10 760 439
1787065514.4478 875 10 760 439
1787065514.4659 875 10 760 439
1787065514.4685 875 10 760 439
1787065514.4854 875 10 760 439
1787065514.4894 875 10 760 439
1787065514.5053 875 10 760 439
1787065514.5080 875 10 760 439
1787065514.5259 875 10 760 439
1787065514.5281 875 10 760 439
1787065514.5469 875 10 760 439
1787065514.5483 875 10 760 439
1787065514.5670 875 10 760 439
1787065514.5672 875 10 760 439
1787065514.5863 875 10 760 439
1787065514.5864 875 10 760 439
1787065514.6061 875 10 760 439
1787065514.6076 875 10 760 439
1787065514.6274 875 10 760 439
1787065514.6291 875 10 760 439
1787065514.6480 875 10 760 439
1787065514.6497 875 10 760 439
1787065514.6685 875 10 760 439
1787065514.6706 875 10 760 439
1787065514.6890 875 10 760 439
1787065514.6912 875 10 760 439
1787065514.7092 875 10 760 439
1787065514.7116 875 10 760 439
1787065514.7312 875 10 760 439
1787065514.7315 875 10 760 439
1787065514.7550 875 10 760 439
1787065514.7554 875 10 760 439
1787065514.7753 875 10 760 439
1787065514.7765 875 10 760 439
1787065514.7959 875 10 760 439
1787065514.7969 875 10 760 439
1787065514.8161 875 10 760 439
1787065514.8161 875 10 760 439
1787065514.8356 875 10 760 439
1787065514.8379 875 10 760 439
1787065514.8568 875 10 760 439
1787065514.8570 875 10 760 439
1787065514.8786 875 10 760 439
1787065514.8796 875 10 760 439
1787065514.8991 875 10 760 439
1787065514.8996 875 10 760 439
1787065514.9180 875 10 760 439
1787065514.9190 875 10 760 439
1787065514.9389 875 10 760 439
1787065514.9404 875 10 760 439
1787065514.9604 875 10 760 439
1787065514.9612 875 10 760 439
1787065514.9805 875 10 760 439
1787065514.9817 875 10 760 439
1787065515.0025 875 10 760 439
1787065515.0026 875 10 760 439
1787065515.0243 875 10 760 439
1787065515.0261 875 10 760 439
1787065515.0439 875 10 760 439
1787065515.0468 875 10 760 439
1787065515.0631 875 10 760 439
1787065515.0690 875 10 760 439
1787065515.0844 875 10 760 439
1787065515.0893 875 10 760 439
1787065515.1065 875 10 760 439
1787065515.1119 875 10 760 439
1787065515.1294 875 10 760 439
1787065515.1334 875 10 760 439
1787065515.1506 875 10 760 439
1787065515.1551 875 10 760 439
1787065515.1708 875 10 760 439
1787065515.1748 875 10 760 439
1787065515.1908 875 10 760 439
1787065515.1963 875 10 760 439
1787065515.2126 875 10 760 439
1787065515.2165 875 10 760 439
1787065515.2329 875 10 760 439
1787065515.2367 875 10 760 439
1787065515.2537 875 10 760 439
1787065515.2568 875 10 760 439
1787065515.2752 875 10 760 439
1787065515.2756 875 10 760 439
1787065515.2948 875 10 760 439
1787065515.2956 875 10 760 439
1787065515.3153 875 10 760 439
1787065515.3157 875 10 760 439
1787065515.3356 875 10 760 439
1787065515.3363 875 10 760 439
1787065515.3541 875 10 760 439
1787065515.3573 875 10 760 439
1787065515.3730 875 10 760 439
1787065515.3769 875 10 760 439
1787065515.3932 875 10 760 439
1787065515.3969 875 10 760 439
1787065515.4144 875 10 760 439
1787065515.4178 875 10 760 439
1787065515.4354 875 10 760 439
1787065515.4398 875 10 760 439
1787065515.4574 875 10 760 439
1787065515.4610 875 10 760 439
1787065515.4780 875 10 760 439
1787065515.4805 875 10 760 439
1787065515.4987 875 10 760 439
1787065515.5019 875 10 760 439
1787065515.5200 875 10 760 439
1787065515.5218 875 10 760 439
1787065515.5407 875 10 760 439
1787065515.5414 875 10 760 439
1787065515.5610 875 10 760 439
1787065515.5621 875 10 760 439
1787065515.5807 875 10 760 439
1787065515.5820 875 10 760 439
1787065515.6014 875 10 760 439
1787065515.6018 875 10 760 439
1787065515.6222 875 10 760 439
1787065515.6223 875 10 760 439
1787065515.6420 875 10 760 439
1787065515.6436 875 10 760 439
1787065515.6612 875 10 760 439
1787065515.6624 875 10 760 439
1787065515.6829 875 10 760 439
1787065515.6831 875 10 760 439
1787065515.7025 875 10 760 439
1787065515.7028 875 10 760 439
1787065515.7228 875 10 760 439
1787065515.7236 875 10 760 439
1787065515.7441 875 10 760 439
1787065515.7451 875 10 760 439
1787065515.7651 875 10 760 439
1787065515.7656 875 10 760 439
1787065515.7865 875 10 760 439
1787065515.7872 875 10 760 439
1787065515.8065 875 10 760 439
1787065515.8083 875 10 760 439
1787065515.8270 875 10 760 439
1787065515.8284 875 10 760 439
1787065515.8480 875 10 760 439
1787065515.8489 875 10 760 439
1787065515.8676 875 10 760 439
1787065515.8680 875 10 760 439
1787065515.8874 875 10 760 439
1787065515.8880 875 10 760 439
1787065515.9077 875 10 760 439
1787065515.9088 875 10 760 439
1787065515.9283 875 10 760 439
1787065515.9296 875 10 760 439
1787065515.9489 875 10 760 439
1787065515.9492 875 10 760 439
1787065515.9683 875 10 760 439
1787065515.9710 875 10 760 439
1787065515.9894 875 10 760 439
1787065515.9928 875 10 760 439
1787065516.0103 875 10 760 439
1787065516.0142 875 10 760 439
1787065516.0315 875 10 760 439
1787065516.0361 875 10 760 439
1787065516.0585 875 10 760 439
1787065516.0645 875 10 760 439
1787065516.0832 875 10 760 439
1787065516.0851 875 10 760 439
1787065516.1066 875 10 760 439
1787065516.1099 875 10 760 439
1787065516.1296 875 10 760 439
1787065516.1320 875 10 760 439
1787065516.1492 875 10 760 439
1787065516.1521 875 10 760 439
1787065516.1720 875 10 760 439
1787065516.1735 875 10 760 439
1787065516.1956 875 10 760 439
1787065516.1960 875 10 760 439
1787065516.2161 875 10 760 439
1787065516.2164 875 10 760 439
1787065516.2375 875 10 760 439
1787065516.2375 875 10 760 439
1787065516.2579 875 10 760 439
1787065516.2587 875 10 760 439
1787065516.2778 875 10 760 439
1787065516.2796 875 10 760 439
1787065516.2987 875 10 760 439
1787065516.2997 875 10 760 439
1787065516.3188 875 10 760 439
1787065516.3206 875 10 760 439
1787065516.3421 875 10 760 439
1787065516.3423 875 10 760 439
1787065516.3619 875 10 760 439
1787065516.3620 875 10 760 439
1787065516.3826 875 10 760 439
1787065516.3832 875 10 760 439
1787065516.4044 875 10 760 439
1787065516.4061 875 10 760 439
1787065516.4264 875 10 760 439
1787065516.4287 875 10 760 439
1787065516.4478 875 10 760 439
1787065516.4509 875 10 760 439
1787065516.4685 875 10 760 439
1787065516.4707 875 10 760 439
1787065516.4895 875 10 760 439
1787065516.4896 875 10 760 439
1787065516.5093 875 10 760 439
1787065516.5094 875 10 760 439
1787065516.5293 875 10 760 439
1787065516.5295 875 10 760 439
1787065516.5507 875 10 760 439
1787065516.5515 875 10 760 439
1787065516.5709 875 10 760 439
1787065516.5710 875 10 760 439
1787065516.5913 875 10 760 439
1787065516.5925 875 10 760 439
1787065516.6129 875 10 760 439
1787065516.6139 875 10 760 439
1787065516.6331 875 10 760 439
1787065516.6342 875 10 760 439
1787065516.6531 875 10 760 439
1787065516.6534 875 10 760 439
1787065516.6726 875 10 760 439
1787065516.6744 875 10 760 439
1787065516.6939 875 10 760 439
1787065516.6944 875 10 760 439
1787065516.7129 875 10 760 439
1787065516.7150 875 10 760 439
1787065516.7338 875 10 760 439
1787065516.7355 875 10 760 439
1787065516.7532 875 10 760 439
1787065516.7547 875 10 760 439
1787065516.7729 875 10 760 439
1787065516.7743 875 10 760 439
1787065516.7946 875 10 760 439
1787065516.7961 875 10 760 439
1787065516.8167 875 10 760 439
1787065516.8175 875 10 760 439
1787065516.8373 875 10 760 439
1787065516.8381 875 10 760 439
1787065516.8569 875 10 760 439
1787065516.8600 875 10 760 439
1787065516.8792 875 10 760 439
1787065516.8807 875 10 760 439
1787065516.8996 875 10 760 439
1787065516.9024 875 10 760 439
1787065516.9186 875 10 760 439
1787065516.9237 875 10 760 439
1787065516.9386 875 10 760 439
1787065516.9455 875 10 760 439
1787065516.9592 875 10 760 439
1787065516.9654 875 10 760 439
1787065516.9804 875 10 760 439
1787065516.9846 875 10 760 439
1787065517.0019 875 10 760 439
1787065517.0047 875 10 760 439
1787065517.0236 875 10 760 439
1787065517.0238 875 10 760 439
1787065517.0459 875 10 760 439
1787065517.0461 875 10 760 439
1787065517.0659 875 10 760 439
1787065517.0680 875 10 760 439
1787065517.0877 875 10 760 439
1787065517.0884 875 10 760 439
1787065517.1077 875 10 760 439
1787065517.1091 875 10 760 439
1787065517.1273 875 10 760 439
1787065517.1293 875 10 760 439
1787065517.1463 875 10 760 439
1787065517.1500 875 10 760 439
1787065517.1673 875 10 760 439
1787065517.1718 875 10 760 439
1787065517.1893 875 10 760 439
1787065517.1940 875 10 760 439
1787065517.2095 875 10 760 439
1787065517.2129 875 10 760 439
1787065517.2311 875 10 760 439
1787065517.2333 875 10 760 439
1787065517.2524 875 10 760 439
1787065517.2528 875 10 760 439
1787065517.2735 875 10 760 439
1787065517.2736 875 10 760 439
1787065517.2955 875 10 760 439
1787065517.2959 875 10 760 439
1787065517.3166 875 10 760 439
1787065517.3171 875 10 760 439
1787065517.3373 875 10 760 439
1787065517.3378 875 10 760 439
1787065517.3571 875 10 760 439
1787065517.3598 875 10 760 439
1787065517.3778 875 10 760 439
1787065517.3805 875 10 760 439
1787065517.3997 875 10 760 439
1787065517.4013 875 10 760 439
1787065517.4217 875 10 760 439
1787065517.4227 875 10 760 439
1787065517.4430 875 10 760 439
1787065517.4442 875 10 760 439
1787065517.4636 875 10 760 439
1787065517.4653 875 10 760 439
1787065517.4849 875 10 760 439
1787065517.4860 875 10 760 439
1787065517.5059 875 10 760 439
1787065517.5078 875 10 760 439
1787065517.5257 875 10 760 439
1787065517.5291 875 10 760 439
1787065517.5476 875 10 760 439
1787065517.5522 875 10 760 439
1787065517.5702 875 10 760 439
1787065517.5733 875 10 760 439
1787065517.5926 875 10 760 439
1787065517.5929 875 10 760 439
1787065517.6126 875 10 760 439
1787065517.6142 875 10 760 439
1787065517.6343 875 10 760 439
1787065517.6343 875 10 760 439
1787065517.6545 875 10 760 439
1787065517.6551 875 10 760 439
1787065517.6748 875 10 760 439
1787065517.6769 875 10 760 439
1787065517.6971 875 10 760 439
1787065517.6984 875 10 760 439
1787065517.7184 875 10 760 439
1787065517.7188 875 10 760 439
1787065517.7396 875 10 760 439
1787065517.7397 875 10 760 439
1787065517.7603 875 10 760 439
1787065517.7624 875 10 760 439
1787065517.7796 875 10 760 439
1787065517.7838 875 10 760 439
1787065517.8027 875 10 760 439
1787065517.8054 875 10 760 439
1787065517.8253 875 10 760 439
1787065517.8262 875 10 760 439
1787065517.8456 875 10 760 439
1787065517.8473 875 10 760 439
1787065517.8671 875 10 760 439
1787065517.8688 875 10 760 439
1787065517.8872 875 10 760 439
1787065517.8881 875 10 760 439
1787065517.9083 875 10 760 439
1787065517.9083 875 10 760 439
1787065517.9281 875 10 760 439
1787065517.9302 875 10 760 439
1787065517.9488 875 10 760 439
1787065517.9499 875 10 760 439
1787065517.9685 875 10 760 439
1787065517.9727 875 10 760 439
1787065517.9898 875 10 760 439
1787065517.9933 875 10 760 439
1787065518.0088 875 10 760 439
1787065518.0145 875 10 760 439
1787065518.0288 875 10 760 439
1787065518.0336 875 10 760 439
1787065518.0499 875 10 760 439
1787065518.0550 875 10 760 439
1787065518.0710 875 10 760 439
1787065518.0761 875 10 760 439
1787065518.0908 875 10 760 439
1787065518.0953 875 10 760 439
1787065518.1103 875 10 760 439
1787065518.1147 875 10 760 439
1787065518.1309 875 10 760 439
1787065518.1359 875 10 760 439
1787065518.1505 875 10 760 439
1787065518.1558 875 10 760 439
1787065518.1733 875 10 760 439
1787065518.1768 875 10 760 439
1787065518.1947 875 10 760 439
1787065518.1961 875 10 760 439
1787065518.2151 875 10 760 439
1787065518.2171 875 10 760 439
1787065518.2353 875 10 760 439
1787065518.2367 875 10 760 439
1787065518.2565 875 10 760 439
1787065518.2569 875 10 760 439
1787065518.2765 875 10 760 439
1787065518.2776 875 10 760 439
1787065518.2978 875 10 760 439
1787065518.2986 875 10 760 439
1787065518.3187 875 10 760 439
1787065518.3197 875 10 760 439
1787065518.3385 875 10 760 439
1787065518.3397 875 10 760 439
1787065518.3590 875 10 760 439
1787065518.3592 875 10 760 439
1787065518.3786 875 10 760 439
1787065518.3813 875 10 760 439
1787065518.3995 875 10 760 439
1787065518.4012 875 10 760 439
1787065518.4194 875 10 760 439
1787065518.4229 875 10 760 439
1787065518.4405 875 10 760 439
1787065518.4437 875 10 760 439
1787065518.4600 875 10 760 439
1787065518.4642 875 10 760 439
1787065518.4805 875 10 760 439
1787065518.4848 875 10 760 439
1787065518.4998 875 10 760 439
1787065518.5061 875 10 760 439
1787065518.5201 875 10 760 439
1787065518.5273 875 10 760 439
1787065518.5415 875 10 760 439
1787065518.5493 875 10 760 439
1787065518.5623 875 10 760 439
1787065518.5706 875 10 760 439
1787065518.5824 875 10 760 439
1787065518.5906 875 10 760 439
1787065518.6039 875 10 760 439
1787065518.6104 875 10 760 439
1787065518.6244 875 10 760 439
1787065518.6287 875 10 760 439
1787065518.6443 875 10 760 439
1787065518.6480 875 10 760 439
1787065518.6648 875 10 760 439
1787065518.6675 875 10 760 439
1787065518.6865 875 10 760 439
1787065518.6880 875 10 760 439
1787065518.7060 875 10 760 439
1787065518.7069 875 10 760 439
1787065518.7269 875 10 760 439
1787065518.7271 875 10 760 439
1787065518.7481 875 10 760 439
1787065518.7484 875 10 760 439
1787065518.7668 875 10 760 439
1787065518.7703 875 10 760 439
1787065518.7877 875 10 760 439
1787065518.7908 875 10 760 439
1787065518.8094 875 10 760 439
1787065518.8105 875 10 760 439
1787065518.8299 875 10 760 439
1787065518.8301 875 10 760 439
1787065518.8513 875 10 760 439
1787065518.8518 875 10 760 439
1787065518.8715 875 10 760 439
1787065518.8734 875 10 760 439
1787065518.8929 875 10 760 439
1787065518.8934 875 10 760 439
1787065518.9123 875 10 760 439
1787065518.9131 875 10 760 439
1787065518.9322 875 10 760 439
1787065518.9356 875 10 760 439
1787065518.9531 875 10 760 439
1787065518.9572 875 10 760 439
1787065518.9731 875 10 760 439
1787065518.9769 875 10 760 439
1787065518.9937 875 10 760 439
1787065518.9962 875 10 760 439
1787065519.0137 875 10 760 439
1787065519.0160 875 10 760 439
1787065519.0328 875 10 760 439
1787065519.0367 875 10 760 439
1787065519.0528 875 10 760 439
1787065519.0579 875 10 760 439
1787065519.0741 875 10 760 439
1787065519.0774 875 10 760 439
1787065519.0955 875 10 760 439
1787065519.0966 875 10 760 439
1787065519.1162 875 10 760 439
1787065519.1179 875 10 760 439
1787065519.1366 875 10 760 439
1787065519.1378 875 10 760 439
1787065519.1549 875 10 760 439
1787065519.1575 875 10 760 439
1787065519.1750 875 10 760 439
1787065519.1783 875 10 760 439
1787065519.1943 875 10 760 439
1787065519.1999 875 10 760 439
1787065519.2157 875 10 760 439
1787065519.2202 875 10 760 439
1787065519.2371 875 10 760 439
1787065519.2411 875 10 760 439
1787065519.2574 875 10 760 439
1787065519.2623 875 10 760 439
1787065519.2787 875 10 760 439
1787065519.2818 875 10 760 439
1787065519.3004 875 10 760 439
1787065519.3005 875 10 760 439
1787065519.3205 875 10 760 439
1787065519.3213 875 10 760 439
1787065519.3404 875 10 760 439
1787065519.3410 875 10 760 439
1787065519.3593 875 10 760 439
1787065519.3616 875 10 760 439
1787065519.3793 875 10 760 439
1787065519.3803 875 10 760 439
1787065519.3988 875 10 760 439
1787065519.4014 875 10 760 439
1787065519.4182 875 10 760 439
1787065519.4218 875 10 760 439
1787065519.4408 875 10 760 439
1787065519.4423 875 10 760 439
1787065519.4621 875 10 760 439
1787065519.4625 875 10 760 439
1787065519.4828 875 10 760 439
1787065519.4828 875 10 760 439
1787065519.5028 875 10 760 439
1787065519.5045 875 10 760 439
1787065519.5221 875 10 760 439
1787065519.5236 875 10 760 439
1787065519.5437 875 10 760 439
1787065519.5439 875 10 760 439
1787065519.5646 875 10 760 439
1787065519.5650 875 10 760 439
1787065519.5841 875 10 760 439
1787065519.5847 875 10 760 439
1787065519.6044 875 10 760 439
1787065519.6054 875 10 760 439
1787065519.6245 875 10 760 439
1787065519.6253 875 10 760 439
1787065519.6445 875 10 760 439
1787065519.6463 875 10 760 439
1787065519.6643 875 10 760 439
1787065519.6688 875 10 760 439
1787065519.6837 875 10 760 439
1787065519.6896 875 10 760 439
1787065519.7037 875 10 760 439
1787065519.7105 875 10 760 439
1787065519.7235 875 10 760 439
1787065519.7308 875 10 760 439
1787065519.7455 875 10 760 439
1787065519.7498 875 10 760 439
1787065519.7653 875 10 760 439
1787065519.7694 875 10 760 439
1787065519.7854 875 10 760 439
1787065519.7884 875 10 760 439
1787065519.8052 875 10 760 439
1787065519.8088 875 10 760 439
1787065519.8272 875 10 760 439
1787065519.8300 875 10 760 439
1787065519.8470 875 10 760 439
1787065519.8521 875 10 760 439
1787065519.8665 875 10 760 439
1787065519.8743 875 10 760 439
1787065519.8868 875 10 760 439
1787065519.8943 875 10 760 439
1787065519.9071 875 10 760 439
1787065519.9136 875 10 760 439
1787065519.9277 875 10 760 439
1787065519.9340 875 10 760 439
1787065519.9496 875 10 760 439
1787065519.9544 875 10 760 439
1787065519.9705 875 10 760 439
1787065519.9756 875 10 760 439
1787065519.9900 875 10 760 439
1787065519.9949 875 10 760 439
1787065520.0105 875 10 760 439
1787065520.0152 875 10 760 439
1787065520.0312 875 10 760 439
1787065520.0353 875 10 760 439
1787065520.0516 875 10 760 439
1787065520.0577 875 10 760 439
1787065520.0725 875 10 760 439
1787065520.0774 875 10 760 439
1787065520.0946 875 10 760 439
1787065520.0970 875 10 760 439
1787065520.1138 875 10 760 439
1787065520.1175 875 10 760 439
1787065520.1334 875 10 760 439
1787065520.1365 875 10 760 439
1787065520.1544 875 10 760 439
1787065520.1552 875 10 760 439
1787065520.1745 875 10 760 439
1787065520.1760 875 10 760 439
1787065520.1944 875 10 760 439
1787065520.1967 875 10 760 439
1787065520.2144 875 10 760 439
1787065520.2156 875 10 760 439
1787065520.2348 875 10 760 439
1787065520.2354 875 10 760 439
1787065520.2546 875 10 760 439
1787065520.2551 875 10 760 439
1787065520.2748 875 10 760 439
1787065520.2764 875 10 760 439
1787065520.2952 875 10 760 439
1787065520.2986 875 10 760 439
1787065520.3161 875 10 760 439
1787065520.3191 875 10 760 439
1787065520.3360 875 10 760 439
1787065520.3379 875 10 760 439
1787065520.3567 875 10 760 439
1787065520.3582 875 10 760 439
1787065520.3764 875 10 760 439
1787065520.3788 875 10 760 439
1787065520.3972 875 10 760 439
1787065520.3978 875 10 760 439
1787065520.4176 875 10 760 439
1787065520.4176 875 10 760 439
1787065520.4373 875 10 760 439
1787065520.4377 875 10 760 439
1787065520.4568 875 10 760 439
1787065520.4582 875 10 760 439
1787065520.4750 875 10 760 439
1787065520.4771 875 10 760 439
1787065520.4944 875 10 760 439
1787065520.4975 875 10 760 439
1787065520.5144 875 10 760 439
1787065520.5172 875 10 760 439
1787065520.5348 875 10 760 439
1787065520.5370 875 10 760 439
1787065520.5553 875 10 760 439
1787065520.5586 875 10 760 439
1787065520.5752 875 10 760 439
1787065520.5800 875 10 760 439
1787065520.5968 875 10 760 439
1787065520.5983 875 10 760 439
1787065520.6179 875 10 760 439
1787065520.6191 875 10 760 439
1787065520.6384 875 10 760 439
1787065520.6400 875 10 760 439
1787065520.6596 875 10 760 439
1787065520.6606 875 10 760 439
1787065520.6813 875 10 760 439
1787065520.6814 875 10 760 439
1787065520.6999 875 10 760 439
1787065520.7014 875 10 760 439
1787065520.7200 875 10 760 439
1787065520.7220 875 10 760 439
1787065520.7404 875 10 760 439
1787065520.7418 875 10 760 439
1787065520.7614 875 10 760 439
1787065520.7614 875 10 760 439
1787065520.7807 875 10 760 439
1787065520.7822 875 10 760 439
1787065520.8009 875 10 760 439
1787065520.8025 875 10 760 439
1787065520.8217 875 10 760 439
1787065520.8219 875 10 760 439
1787065520.8407 875 10 760 439
1787065520.8413 875 10 760 439
1787065520.8604 875 10 760 439
1787065520.8633 875 10 760 439
1787065520.8793 875 10 760 439
1787065520.8824 875 10 760 439
1787065520.8997 875 10 760 439
1787065520.9018 875 10 760 439
1787065520.9209 875 10 760 439
1787065520.9218 875 10 760 439
1787065520.9420 875 10 760 439
1787065520.9429 875 10 760 439
1787065520.9610 875 10 760 439
1787065520.9650 875 10 760 439
1787065520.9810 875 10 760 439
1787065520.9850 875 10 760 439
1787065521.0029 875 10 760 439
1787065521.0050 875 10 760 439
1787065521.0221 875 10 760 439
1787065521.0256 875 10 760 439
1787065521.0422 875 10 760 439
1787065521.0466 875 10 760 439
1787065521.0624 875 10 760 439
1787065521.0690 875 10 760 439
1787065521.0828 875 10 760 439
1787065521.0896 875 10 760 439
1787065521.1048 875 10 760 439
1787065521.1108 875 10 760 439
1787065521.1253 875 10 760 439
1787065521.1319 875 10 760 439
1787065521.1447 875 10 760 439
1787065521.1516 875 10 760 439
1787065521.1651 875 10 760 439
1787065521.1718 875 10 760 439
1787065521.1857 875 10 760 439
1787065521.1922 875 10 760 439
1787065521.2059 875 10 760 439
1787065521.2124 875 10 760 439
1787065521.2243 875 10 760 439
1787065521.2317 875 10 760 439
1787065521.2454 875 10 760 439
1787065521.2522 875 10 760 439
1787065521.2663 875 10 760 439
1787065521.2720 875 10 760 439
1787065521.2875 875 10 760 439
1787065521.2917 875 10 760 439
1787065521.3097 875 10 760 439
1787065521.3103 875 10 760 439
1787065521.3285 875 10 760 439
1787065521.3306 875 10 760 439
1787065521.3474 875 10 760 439
1787065521.3513 875 10 760 439
1787065521.3670 875 10 760 439
1787065521.3709 875 10 760 439
1787065521.3892 875 10 760 439
1787065521.3943 875 10 760 439
1787065521.4101 875 10 760 439
1787065521.4152 875 10 760 439
1787065521.4298 875 10 760 439
1787065521.4348 875 10 760 439
1787065521.4501 875 10 760 439
1787065521.4558 875 10 760 439
1787065521.4708 875 10 760 439
1787065521.4761 875 10 760 439
1787065521.4896 875 10 760 439
1787065521.4974 875 10 760 439
1787065521.5087 875 10 760 439
1787065521.5183 875 10 760 439
1787065521.5285 875 10 760 439
1787065521.5390 875 10 760 439
1787065521.5483 875 10 760 439
1787065521.5597 875 10 760 439
1787065521.5674 875 10 760 439
1787065521.5788 875 10 760 439
1787065521.5865 875 10 760 439
1787065521.5988 875 10 760 439
1787065521.6075 875 10 760 439
1787065521.6191 875 10 760 439
1787065521.6264 875 10 760 439
1787065521.6401 875 10 760 439
1787065521.6464 875 10 760 439
1787065521.6633 875 10 760 439
1787065521.6662 875 10 760 439
1787065521.6842 875 10 760 439
1787065521.6866 875 10 760 439
1787065521.7043 875 10 760 439
1787065521.7059 875 10 760 439
1787065521.7261 875 10 760 439
1787065521.7262 875 10 760 439
1787065521.7459 875 10 760 439
1787065521.7461 875 10 760 439
1787065521.7658 875 10 760 439
1787065521.7662 875 10 760 439
1787065521.7855 875 10 760 439
1787065521.7860 875 10 760 439
1787065521.8045 875 10 760 439
1787065521.8075 875 10 760 439
1787065521.8257 875 10 760 439
1787065521.8289 875 10 760 439
1787065521.8471 875 10 760 439
1787065521.8491 875 10 760 439
1787065521.8673 875 10 760 439
1787065521.8690 875 10 760 439
1787065521.8872 875 10 760 439
1787065521.8873 875 10 760 439
1787065521.9075 875 10 760 439
1787065521.9088 875 10 760 439
1787065521.9278 875 10 760 439
1787065521.9285 875 10 760 439
1787065521.9476 875 10 760 439
1787065521.9488 875 10 760 439
1787065521.9685 875 10 760 439
1787065521.9686 875 10 760 439
1787065521.9876 875 10 760 439
1787065521.9883 875 10 760 439
1787065522.0066 875 10 760 439
1787065522.0079 875 10 760 439
1787065522.0291 875 10 760 439
1787065522.0297 875 10 760 439
1787065522.0502 875 10 760 439
1787065522.0509 875 10 760 439
1787065522.0698 875 10 760 439
1787065522.0711 875 10 760 439
1787065522.0913 875 10 760 439
1787065522.0935 875 10 760 439
1787065522.1130 875 10 760 439
1787065522.1147 875 10 760 439
1787065522.1331 875 10 760 439
1787065522.1356 875 10 760 439
1787065522.1553 875 10 760 439
1787065522.1566 875 10 760 439
1787065522.1752 875 10 760 439
1787065522.1764 875 10 760 439
1787065522.1953 875 10 760 439
1787065522.1953 875 10 760 439
1787065522.2141 875 10 760 439
1787065522.2156 875 10 760 439
1787065522.2354 875 10 760 439
1787065522.2358 875 10 760 439
1787065522.2551 875 10 760 439
1787065522.2554 875 10 760 439
1787065522.2745 875 10 760 439
1787065522.2758 875 10 760 439
1787065522.2959 875 10 760 439
1787065522.2969 875 10 760 439
1787065522.3159 875 10 760 439
1787065522.3176 875 10 760 439
1787065522.3361 875 10 760 439
1787065522.3361 875 10 760 439
1787065522.3556 875 10 760 439
1787065522.3575 875 10 760 439
1787065522.3743 875 10 760 439
1787065522.3789 875 10 760 439
1787065522.3959 875 10 760 439
1787065522.3996 875 10 760 439
1787065522.4180 875 10 760 439
1787065522.4195 875 10 760 439
1787065522.4380 875 10 760 439
1787065522.4397 875 10 760 439
1787065522.4599 875 10 760 439
1787065522.4609 875 10 760 439
1787065522.4814 875 10 760 439
1787065522.4821 875 10 760 439
1787065522.5018 875 10 760 439
1787065522.5022 875 10 760 439
1787065522.5218 875 10 760 439
1787065522.5227 875 10 760 439
1787065522.5424 875 10 760 439
1787065522.5433 875 10 760 439
1787065522.5623 875 10 760 439
1787065522.5647 875 10 760 439
1787065522.5828 875 10 760 439
1787065522.5841 875 10 760 439
1787065522.6036 875 10 760 439
1787065522.6041 875 10 760 439
1787065522.6238 875 10 760 439
1787065522.6239 875 10 760 439
1787065522.6435 875 10 760 439
1787065522.6451 875 10 760 439
1787065522.6648 875 10 760 439
1787065522.6669 875 10 760 439
1787065522.6849 875 10 760 439
1787065522.6868 875 10 760 439
1787065522.7061 875 10 760 439
1787065522.7065 875 10 760 439
1787065522.7256 875 10 760 439
1787065522.7271 875 10 760 439
1787065522.7454 875 10 760 439
1787065522.7480 875 10 760 439
1787065522.7672 875 10 760 439
1787065522.7689 875 10 760 439
1787065522.7882 875 10 760 439
1787065522.7886 875 10 760 439
1787065522.8081 875 10 760 439
1787065522.8083 875 10 760 439
1787065522.8273 875 10 760 439
1787065522.8290 875 10 760 439
1787065522.8485 875 10 760 439
1787065522.8489 875 10 760 439
1787065522.8673 875 10 760 439
1787065522.8691 875 10 760 439
1787065522.8911 875 10 760 439
1787065522.8918 875 10 760 439
1787065522.9181 875 10 760 439
1787065522.9184 875 10 760 439
1787065522.9387 875 10 760 439
1787065522.9395 875 10 760 439
1787065522.9621 875 10 760 439
1787065522.9635 875 10 760 439
1787065522.9845 875 10 760 439
1787065522.9848 875 10 760 439
1787065523.0047 875 10 760 439
1787065523.0049 875 10 760 439
1787065523.0274 875 10 760 439
1787065523.0290 875 10 760 439
1787065523.0487 875 10 760 439
1787065523.0507 875 10 760 439
1787065523.0698 875 10 760 439
1787065523.0724 875 10 760 439
1787065523.0918 875 10 760 439
1787065523.0957 875 10 760 439
1787065523.1138 875 10 760 439
1787065523.1163 875 10 760 439
1787065523.1338 875 10 760 439
1787065523.1362 875 10 760 439
1787065523.1557 875 10 760 439
1787065523.1558 875 10 760 439
1787065523.1760 875 10 760 439
1787065523.1761 875 10 760 439
1787065523.1948 875 10 760 439
1787065523.1983 875 10 760 439
1787065523.2163 875 10 760 439
1787065523.2198 875 10 760 439
1787065523.2370 875 10 760 439
1787065523.2387 875 10 760 439
1787065523.2582 875 10 760 439
1787065523.2591 875 10 760 439
1787065523.2768 875 10 760 439
1787065523.2813 875 10 760 439
1787065523.2978 875 10 760 439
1787065523.3013 875 10 760 439
1787065523.3189 875 10 760 439
1787065523.3208 875 10 760 439
1787065523.3400 875 10 760 439
1787065523.3405 875 10 760 439
1787065523.3599 875 10 760 439
1787065523.3603 875 10 760 439
1787065523.3802 875 10 760 439
1787065523.3805 875 10 760 439
1787065523.4005 875 10 760 439
1787065523.4006 875 10 760 439
1787065523.4209 875 10 760 439
1787065523.4222 875 10 760 439
1787065523.4401 875 10 760 439
1787065523.4414 875 10 760 439
1787065523.4600 875 10 760 439
1787065523.4626 875 10 760 439
1787065523.4809 875 10 760 439
1787065523.4819 875 10 760 439
1787065523.5001 875 10 760 439
1787065523.5014 875 10 760 439
1787065523.5203 875 10 760 439
1787065523.5211 875 10 760 439
1787065523.5391 875 10 760 439
1787065523.5404 875 10 760 439
1787065523.5588 875 10 760 439
1787065523.5601 875 10 760 439
1787065523.5789 875 10 760 439
1787065523.5809 875 10 760 439
1787065523.5999 875 10 760 439
1787065523.6010 875 10 760 439
1787065523.6201 875 10 760 439
1787065523.6215 875 10 760 439
1787065523.6402 875 10 760 439
1787065523.6427 875 10 760 439
1787065523.6610 875 10 760 439
1787065523.6629 875 10 760 439
1787065523.6799 875 10 760 439
1787065523.6839 875 10 760 439
1787065523.7007 875 10 760 439
1787065523.7043 875 10 760 439
1787065523.7216 875 10 760 439
1787065523.7247 875 10 760 439
1787065523.7401 875 10 760 439
1787065523.7462 875 10 760 439
1787065523.7602 875 10 760 439
1787065523.7667 875 10 760 439
1787065523.7804 875 10 760 439
1787065523.7849 875 10 760 439
1787065523.8007 875 10 760 439
1787065523.8034 875 10 760 439
1787065523.8206 875 10 760 439
1787065523.8212 875 10 760 439
1787065523.8410 875 10 760 439
1787065523.8413 875 10 760 439
1787065523.8610 875 10 760 439
1787065523.8625 875 10 760 439
1787065523.8803 875 10 760 439
1787065523.8819 875 10 760 439
1787065523.8997 875 10 760 439
1787065523.9022 875 10 760 439
1787065523.9192 875 10 760 439
1787065523.9224 875 10 760 439
1787065523.9393 875 10 760 439
1787065523.9422 875 10 760 439
1787065523.9602 875 10 760 439
1787065523.9625 875 10 760 439
1787065523.9817 875 10 760 439
1787065523.9823 875 10 760 439
1787065524.0025 875 10 760 439
1787065524.0026 875 10 760 439
1787065524.0218 875 10 760 439
1787065524.0222 875 10 760 439
1787065524.0423 875 10 760 439
1787065524.0434 875 10 760 439
1787065524.0631 875 10 760 439
1787065524.0640 875 10 760 439
1787065524.0832 875 10 760 439
1787065524.0841 875 10 760 439
1787065524.1030 875 10 760 439
1787065524.1050 875 10 760 439
1787065524.1237 875 10 760 439
1787065524.1258 875 10 760 439
1787065524.1440 875 10 760 439
1787065524.1459 875 10 760 439
1787065524.1640 875 10 760 439
1787065524.1670 875 10 760 439
1787065524.1838 875 10 760 439
1787065524.1878 875 10 760 439
1787065524.2040 875 10 760 439
1787065524.2083 875 10 760 439
1787065524.2240 875 10 760 439
1787065524.2288 875 10 760 439
1787065524.2452 875 10 760 439
1787065524.2490 875 10 760 439
1787065524.2653 875 10 760 439
1787065524.2672 875 10 760 439
1787065524.2860 875 10 760 439
1787065524.2876 875 10 760 439
1787065524.3045 875 10 760 439
1787065524.3088 875 10 760 439
1787065524.3223 875 10 760 439
1787065524.3298 875 10 760 439
1787065524.3432 875 10 760 439
1787065524.3485 875 10 760 439
1787065524.3626 875 10 760 439
1787065524.3665 875 10 760 439
1787065524.3810 875 10 760 439
1787065524.3858 875 10 760 439
1787065524.4023 875 10 760 439
1787065524.4066 875 10 760 439
1787065524.4224 875 10 760 439
1787065524.4252 875 10 760 439
1787065524.4406 875 10 760 439
1787065524.4448 875 10 760 439
1787065524.4601 875 10 760 439
1787065524.4663 875 10 760 439
1787065524.4802 875 10 760 439
1787065524.4870 875 10 760 439
1787065524.5001 875 10 760 439
1787065524.5067 875 10 760 439
1787065524.5200 875 10 760 439
1787065524.5267 875 10 760 439
1787065524.5415 875 10 760 439
1787065524.5500 875 10 760 439
1787065524.5602 875 10 760 439
1787065524.5711 875 10 760 439
1787065524.5798 875 10 760 439
1787065524.5909 875 10 760 439
1787065524.5998 875 10 760 439
1787065524.6094 875 10 760 439
1787065524.6194 875 10 760 439
1787065524.6283 875 10 760 439
1787065524.6396 875 10 760 439
1787065524.6478 875 10 760 439
1787065524.6598 875 10 760 439
1787065524.6686 875 10 760 439
1787065524.6796 875 10 760 439
1787065524.6896 875 10 760 439
1787065524.6996 875 10 760 439
1787065524.7099 875 10 760 439
1787065524.7203 875 10 760 439
1787065524.7301 875 10 760 439
1787065524.7402 875 10 760 439
1787065524.7491 875 10 760 439
1787065524.7607 875 10 760 439
1787065524.7692 875 10 760 439
1787065524.7822 875 10 760 439
1787065524.7890 875 10 760 439
1787065524.8028 875 10 760 439
1787065524.8080 875 10 760 439
1787065524.8218 875 10 760 439
1787065524.8264 875 10 760 439
1787065524.8420 875 10 760 439
1787065524.8476 875 10 760 439
1787065524.8616 875 10 760 439
1787065524.8665 875 10 760 439
1787065524.8806 875 10 760 439
1787065524.8854 875 10 760 439
1787065524.9008 875 10 760 439
1787065524.9055 875 10 760 439
1787065524.9231 875 10 760 439
1787065524.9252 875 10 760 439
1787065524.9412 875 10 760 439
1787065524.9450 875 10 760 439
1787065524.9624 875 10 760 439
1787065524.9660 875 10 760 439
1787065524.9831 875 10 760 439
1787065524.9846 875 10 760 439
1787065525.0024 875 10 760 439
1787065525.0042 875 10 760 439
1787065525.0210 875 10 760 439
1787065525.0250 875 10 760 439
1787065525.0401 875 10 760 439
1787065525.0437 875 10 760 439
1787065525.0600 875 10 760 439
1787065525.0656 875 10 760 439
1787065525.0796 875 10 760 439
1787065525.0853 875 10 760 439
1787065525.0984 875 10 760 439
1787065525.1051 875 10 760 439
1787065525.1193 875 10 760 439
1787065525.1243 875 10 760 439
1787065525.1394 875 10 760 439
1787065525.1431 875 10 760 439
1787065525.1611 875 10 760 439
1787065525.1632 875 10 760 439
1787065525.1796 875 10 760 439
1787065525.1846 875 10 760 439
1787065525.1996 875 10 760 439
1787065525.2027 875 10 760 439
1787065525.2216 875 10 760 439
1787065525.2217 875 10 760 439
1787065525.2409 875 10 760 439
1787065525.2432 875 10 760 439
1787065525.2604 875 10 760 439
1787065525.2628 875 10 760 439
1787065525.2819 875 10 760 439
1787065525.2822 875 10 760 439
1787065525.3015 875 10 760 439
1787065525.3015 875 10 760 439
1787065525.3200 875 10 760 439
1787065525.3223 875 10 760 439
1787065525.3408 875 10 760 439
1787065525.3412 875 10 760 439
1787065525.3605 875 10 760 439
1787065525.3630 875 10 760 439
1787065525.3792 875 10 760 439
1787065525.3833 875 10 760 439
1787065525.3993 875 10 760 439
1787065525.4021 875 10 760 439
1787065525.4208 875 10 760 439
1787065525.4226 875 10 760 439
1787065525.4407 875 10 760 439
1787065525.4411 875 10 760 439
1787065525.4594 875 10 760 439
1787065525.4614 875 10 760 439
1787065525.4797 875 10 760 439
1787065525.4812 875 10 760 439
1787065525.4997 875 10 760 439
1787065525.5000 875 10 760 439
1787065525.5182 875 10 760 439
1787065525.5196 875 10 760 439
1787065525.5388 875 10 760 439
1787065525.5395 875 10 760 439
1787065525.5577 875 10 760 439
1787065525.5599 875 10 760 439
1787065525.5769 875 10 760 439
1787065525.5800 875 10 760 439
1787065525.5963 875 10 760 439
1787065525.5989 875 10 760 439
1787065525.6159 875 10 760 439
1787065525.6185 875 10 760 439
1787065525.6358 875 10 760 439
1787065525.6385 875 10 760 439
1787065525.6556 875 10 760 439
1787065525.6591 875 10 760 439
1787065525.6759 875 10 760 439
1787065525.6782 875 10 760 439
1787065525.6947 875 10 760 439
1787065525.6989 875 10 760 439
1787065525.7171 875 10 760 439
1787065525.7196 875 10 760 439
1787065525.7391 875 10 760 439
1787065525.7395 875 10 760 439
1787065525.7586 875 10 760 439
1787065525.7596 875 10 760 439
1787065525.7779 875 10 760 439
1787065525.7799 875 10 760 439
1787065525.7992 875 10 760 439
1787065525.7993 875 10 760 439
1787065525.8190 875 10 760 439
1787065525.8194 875 10 760 439
1787065525.8396 875 10 760 439
1787065525.8401 875 10 760 439
1787065525.8601 875 10 760 439
1787065525.8610 875 10 760 439
1787065525.8791 875 10 760 439
1787065525.8796 875 10 760 439
1787065525.8994 875 10 760 439
1787065525.9001 875 10 760 439
1787065525.9194 875 10 760 439
1787065525.9210 875 10 760 439
1787065525.9381 875 10 760 439
1787065525.9394 875 10 760 439
1787065525.9570 875 10 760 439
1787065525.9603 875 10 760 439
1787065525.9772 875 10 760 439
1787065525.9813 875 10 760 439
1787065525.9989 875 10 760 439
1787065526.0011 875 10 760 439
1787065526.0182 875 10 760 439
1787065526.0214 875 10 760 439
1787065526.0380 875 10 760 439
1787065526.0412 875 10 760 439
1787065526.0583 875 10 760 439
1787065526.0624 875 10 760 439
1787065526.0800 875 10 760 439
1787065526.0822 875 10 760 439
1787065526.1009 875 10 760 439
1787065526.1029 875 10 760 439
1787065526.1215 875 10 760 439
1787065526.1219 875 10 760 439
1787065526.1407 875 10 760 439
1787065526.1408 875 10 760 439
1787065526.1603 875 10 760 439
1787065526.1625 875 10 760 439
1787065526.1814 875 10 760 439
1787065526.1816 875 10 760 439
1787065526.2000 875 10 760 439
1787065526.2022 875 10 760 439
1787065526.2202 875 10 760 439
1787065526.2229 875 10 760 439
1787065526.2410 875 10 760 439
1787065526.2427 875 10 760 439
1787065526.2602 875 10 760 439
1787065526.2608 875 10 760 439
1787065526.2803 875 10 760 439
1787065526.2811 875 10 760 439
1787065526.3010 875 10 760 439
1787065526.3014 875 10 760 439
1787065526.3213 875 10 760 439
1787065526.3214 875 10 760 439
1787065526.3419 875 10 760 439
1787065526.3425 875 10 760 439
1787065526.3608 875 10 760 439
1787065526.3629 875 10 760 439
1787065526.3813 875 10 760 439
1787065526.3815 875 10 760 439
1787065526.4028 875 10 760 439
1787065526.4035 875 10 760 439
1787065526.4226 875 10 760 439
1787065526.4249 875 10 760 439
1787065526.4416 875 10 760 439
1787065526.4457 875 10 760 439
1787065526.4616 875 10 760 439
1787065526.4664 875 10 760 439
1787065526.4807 875 10 760 439
1787065526.4868 875 10 760 439
1787065526.5010 875 10 760 439
1787065526.5075 875 10 760 439
1787065526.5223 875 10 760 439
1787065526.5261 875 10 760 439
1787065526.5413 875 10 760 439
1787065526.5467 875 10 760 439
1787065526.5601 875 10 760 439
1787065526.5660 875 10 760 439
1787065526.5778 875 10 760 439
1787065526.5863 875 10 760 439
1787065526.5969 875 10 760 439
1787065526.6067 875 10 760 439
1787065526.6180 875 10 760 439
1787065526.6263 875 10 760 439
1787065526.6385 875 10 760 439
1787065526.6445 875 10 760 439
1787065526.6595 875 10 760 439
1787065526.6642 875 10 760 439
1787065526.6794 875 10 760 439
1787065526.6828 875 10 760 439
1787065526.6986 875 10 760 439
1787065526.7027 875 10 760 439
1787065526.7190 875 10 760 439
1787065526.7230 875 10 760 439
1787065526.7380 875 10 760 439
1787065526.7441 875 10 760 439
1787065526.7575 875 10 760 439
1787065526.7645 875 10 760 439
1787065526.7766 875 10 760 439
1787065526.7842 875 10 760 439
1787065526.7945 875 10 760 439
1787065526.8045 875 10 760 439
1787065526.8165 875 10 760 439
1787065526.8244 875 10 760 439
1787065526.8367 875 10 760 439
1787065526.8445 875 10 760 439
1787065526.8556 875 10 760 439
1787065526.8652 875 10 760 439
1787065526.8756 875 10 760 439
1787065526.8855 875 10 760 439
1787065526.8954 875 10 760 439
1787065526.9063 875 10 760 439
1787065526.9149 875 10 760 439
1787065526.9280 875 10 760 439
1787065526.9363 875 10 760 439
1787065526.9489 875 10 760 439
1787065526.9567 875 10 760 439
1787065526.9685 875 10 760 439
1787065526.9776 875 10 760 439
1787065526.9874 875 10 760 439
1787065526.9968 875 10 760 439
1787065527.0084 875 10 760 439
1787065527.0176 875 10 760 439
1787065527.0365 875 10 760 439
1787065527.0543 875 10 760 439
1787065527.0732 875 10 760 439
1787065527.0931 875 10 760 439
1787065527.1139 875 10 760 439
1787065527.1337 875 10 760 439
1787065527.1531 875 10 760 439
1787065527.1723 875 10 760 439
1787065527.1919 875 10 760 439
1787065527.2111 875 10 760 439
1787065527.2298 875 10 760 439
1787065527.2503 875 10 760 439
1787065527.2680 875 10 760 439
1787065527.2887 875 10 760 439
1787065527.3099 875 10 760 439
1787065527.3299 875 10 760 439
1787065527.3496 875 10 760 439
1787065527.3701 875 10 760 439
1787065527.3901 875 10 760 439
1787065527.4101 875 10 760 439
1787065527.4314 875 10 760 439
1787065527.4515 875 10 760 439
1787065527.4714 875 10 760 439
1787065527.4901 875 10 760 439
1787065527.5099 875 10 760 439
1787065527.5316 875 10 760 439
1787065527.5520 875 10 760 439
1787065527.5725 875 10 760 439
1787065527.5948 875 10 760 439
1787065527.6187 875 10 760 439
1787065527.6413 875 10 760 439
1787065527.6629 875 10 760 439
1787065527.6854 875 10 760 439
1787065527.7085 875 10 760 439
1787065527.7442 875 10 760 439
1787065527.7799 875 10 760 439
1787065527.8122 875 10 760 439
1787065527.8473 875 10 760 439
1787065527.8840 875 10 760 439
1787065527.9200 875 10 760 439
1787065527.9404 875 10 760 439
1787065527.9616 875 10 760 439
1787065527.9802 875 10 760 439
1787065528.0002 875 10 760 439
1787065528.0200 875 10 760 439
1787065528.0408 875 10 760 439
1787065528.0589 875 10 760 439
1787065528.0781 875 10 760 439
1787065528.0988 875 10 760 439
1787065528.1182 875 10 760 439
1787065528.1373 875 10 760 439
1787065528.1574 875 10 760 439
1787065528.1749 875 10 760 439
1787065528.1948 875 10 760 439
1787065528.2148 875 10 760 439
1787065528.2343 875 10 760 439
1787065528.2536 875 10 760 439
1787065528.2740 875 10 760 439
1787065528.2956 875 10 760 439
1787065528.3149 875 10 760 439
1787065528.3348 875 10 760 439
1787065528.3541 875 10 760 439
1787065528.3726 875 10 760 439
1787065528.3936 875 10 760 439
1787065528.4151 875 10 760 439
1787065528.4346 875 10 760 439
1787065528.4530 875 10 760 439
1787065528.4722 875 10 760 439
1787065528.4913 875 10 760 439
1787065528.5104 875 10 760 439
1787065528.5310 875 10 760 439
1787065528.5505 875 10 760 439
1787065528.5700 875 10 760 439
1787065528.5904 875 10 760 439
1787065528.6098 875 10 760 439
1787065528.6288 875 10 760 439
1787065528.6481 875 10 760 439
1787065528.6669 875 10 760 439
1787065528.6860 875 10 760 439
1787065528.7068 875 10 760 439
1787065528.7258 875 10 760 439
1787065528.7453 875 10 760 439
1787065528.7654 875 10 760 439
1787065528.7863 875 10 760 439
1787065528.8055 875 10 760 439
1787065528.8244 875 10 760 439
1787065528.8436 875 10 760 439
1787065528.8651 875 10 760 439
1787065528.8834 875 10 760 439
1787065528.9049 875 10 760 439
1787065528.9249 875 10 760 439
1787065528.9440 875 10 760 439
1787065528.9638 875 10 760 439
1787065528.9841 875 10 760 439
1787065529.0040 875 10 760 439
1787065529.0220 875 10 760 439
1787065529.0408 875 10 760 439
1787065529.0606 875 10 760 439
1787065529.0810 875 10 760 439
1787065529.1027 875 10 760 439
1787065529.1225 875 10 760 439
1787065529.1416 875 10 760 439
1787065529.1620 875 10 760 439
1787065529.1822 875 10 760 439
1787065529.2025 875 10 760 439
1787065529.2216 875 10 760 439
1787065529.2408 875 10 760 439
1787065529.2611 875 10 760 439
1787065529.2806 875 10 760 439
1787065529.3005 875 10 760 439
1787065529.3207 875 10 760 439
1787065529.3421 875 10 760 439
1787065529.3628 875 10 760 439
1787065529.3804 875 10 760 439
1787065529.3991 875 10 760 439
1787065529.4179 875 10 760 439
1787065529.4371 875 10 760 439
1787065529.4573 875 10 760 439
1787065529.4771 875 10 760 439
1787065529.4968 875 10 760 439
1787065529.5153 875 10 760 439
1787065529.5354 875 10 760 439
1787065529.5549 875 10 760 439
1787065529.5728 875 10 760 439
1787065529.5930 875 10 760 439
1787065529.6125 875 10 760 439
1787065529.6319 875 10 760 439
1787065529.6518 875 10 760 439
1787065529.6698 875 10 760 439
1787065529.6890 875 10 760 439
1787065529.7076 875 10 760 439
1787065529.7270 875 10 760 439
1787065529.7445 875 10 760 439
1787065529.7646 875 10 760 439
1787065529.7841 875 10 760 439
1787065529.8046 875 10 760 439
1787065529.8246 875 10 760 439
1787065529.8454 875 10 760 439
1787065529.8650 875 10 760 439
1787065529.8853 875 10 760 439
1787065529.9053 875 10 760 439
1787065529.9253 875 10 760 439
1787065529.9442 875 10 760 439
1787065529.9672 875 10 760 439
1787065529.9878 875 10 760 439
1787065530.0074 875 10 760 439
1787065530.0268 875 10 760 439
1787065530.0485 875 10 760 439
1787065530.0691 875 10 760 439
1787065530.0886 875 10 760 439
1787065530.1079 875 10 760 439
1787065530.1266 875 10 760 439
1787065530.1465 875 10 760 439
1787065530.1650 875 10 760 439
1787065530.1855 875 10 760 439
1787065530.2037 875 10 760 439
1787065530.2207 875 10 760 439
1787065530.2377 875 10 760 439
1787065530.2568 875 10 760 439
1787065530.2761 875 10 760 439
1787065530.2975 875 10 760 439
1787065530.3168 875 10 760 439
1787065530.3373 875 10 760 439
1787065530.3596 875 10 760 439
1787065530.3807 875 10 760 439
1787065530.4010 875 10 760 439
1787065530.4214 875 10 760 439
1787065530.4412 875 10 760 439
1787065530.4617 875 10 760 439
1787065530.4818 875 10 760 439
1787065530.5029 875 10 760 439
1787065530.5247 875 10 760 439
1787065530.5442 875 10 760 439
1787065530.5641 875 10 760 439
1787065530.5838 875 10 760 439
1787065530.6029 875 10 760 439
1787065530.6228 875 10 760 439
1787065530.6424 875 10 760 439
1787065530.6611 875 10 760 439
1787065530.6786 875 10 760 439
1787065530.6981 875 10 760 439
1787065530.7183 875 10 760 439
1787065530.7393 875 10 760 439
1787065530.7592 875 10 760 439
1787065530.7784 875 10 760 439
1787065530.7985 875 10 760 439
1787065530.8167 875 10 760 439
1787065530.8356 875 10 760 439
1787065530.8554 875 10 760 439
1787065530.8759 875 10 760 439
1787065530.8943 875 10 760 439
1787065530.9151 875 10 760 439
1787065530.9354 875 10 760 439
1787065530.9553 875 10 760 439
1787065530.9758 875 10 760 439
1787065530.9962 875 10 760 439
1787065531.0219 875 10 760 439
1787065531.0439 875 10 760 439
1787065531.0629 875 10 760 439
1787065531.0822 875 10 760 439
1787065531.1017 875 10 760 439
1787065531.1229 875 10 760 439
1787065531.1408 875 10 760 439
1787065531.1618 875 10 760 439
1787065531.1804 875 10 760 439
1787065531.2006 875 10 760 439
1787065531.2214 875 10 760 439
1787065531.2401 875 10 760 439
1787065531.2595 875 10 760 439
1787065531.2805 875 10 760 439
1787065531.3020 875 10 760 439
1787065531.3206 875 10 760 439
1787065531.3385 875 10 760 439
1787065531.3576 875 10 760 439
1787065531.3768 875 10 760 439
1787065531.3980 875 10 760 439
1787065531.4187 875 10 760 439
1787065531.4404 866 10 760 439
1787065531.4583 866 10 767 439
1787065531.4781 842 10 826 441
1787065531.4986 842 10 826 441
1787065531.5165 818 10 852 442
1787065531.5342 808 10 875 443
1787065531.5553 800 10 894 443
1787065531.5752 793 10 925 444
1787065531.5963 787 10 937 445
1787065531.6169 781 10 948 445
1787065531.6386 777 10 948 445
1787065531.6595 768 10 957 445
1787065531.6817 768 10 966 446
1787065531.7012 761 10 981 446
1787065531.7199 759 10 993 446
1787065531.7408 756 10 998 447
1787065531.7612 752 10 1003 447
1787065531.7810 750 10 1011 447
1787065531.7999 748 10 1015 447
1787065531.8212 748 10 1015 447
1787065531.8423 745 10 1018 447
1787065531.8618 742 10 1024 447
1787065531.8835 741 10 1028 448
1787065531.9053 739 10 1030 448
1787065531.9251 739 10 1032 448
1787065531.9448 739 10 1033 448
1787065531.9629 737 10 1036 448
1787065531.9828 737 10 1035 448
1787065532.0040 736 10 1039 448
1787065532.0242 735 10 1039 448
1787065532.0442 735 10 1040 448
1787065532.0625 735 10 1040 448
1787065532.0824 735 10 1040 448
1787065532.1011 735 10 1040 448
1787065532.1213 735 10 1040 448
1787065532.1423 735 10 1040 448
1787065532.1616 735 10 1040 448
1787065532.1815 735 10 1040 448
1787065532.1999 735 10 1040 448
1787065532.2208 735 10 1040 448
1787065532.2415 735 10 1040 448
1787065532.2603 735 10 1040 448
1787065532.2805 735 10 1040 448
1787065532.2994 735 10 1040 448
1787065532.3203 735 10 1040 448
1787065532.3398 735 10 1040 448
1787065532.3584 735 10 1040 448
1787065532.3760 735 10 1040 448
1787065532.3957 735 10 1040 448
1787065532.4151 735 10 1040 448
1787065532.4342 735 10 1040 448
1787065532.4551 735 10 1040 448
1787065532.4733 735 10 1040 448
1787065532.4918 735 10 1040 448
1787065532.5097 735 10 1040 448
1787065532.5300 735 10 1040 448
1787065532.5489 735 10 1040 448
1787065532.5704 735 10 1040 448
1787065532.5908 736 10 1040 448
1787065532.6090 739 10 1033 448
1787065532.6294 739 10 1033 448
1787065532.6489 746 10 1033 448
1787065532.6677 757 10 1018 447
1787065532.6867 812 10 887 443
1787065532.7073 812 10 909 444
1787065532.7273 843 10 825 441
1787065532.7470 854 10 802 440
1787065532.7678 854 10 802 440
1787065532.7869 863 10 802 440
1787065532.8087 868 10 785 440
1787065532.8290 872 10 774 439
1787065532.8493 874 10 762 439
1787065532.8699 875 10 760 439
1787065532.8896 875 10 762 439
1787065532.9097 875 10 760 439
1787065532.9302 875 10 760 439
1787065532.9486 875 10 760 439
1787065532.9680 875 10 760 439
1787065532.9872 875 10 760 439
1787065533.0073 875 10 760 439
1787065533.0274 875 10 760 439
1787065533.0471 875 10 760 439
1787065533.0665 875 10 760 439
1787065533.0839 875 10 760 439
1787065533.1017 875 10 760 439
1787065533.1218 875 10 760 439
1787065533.1413 875 10 760 439
1787065533.1607 875 10 760 439
1787065533.1789 875 10 760 439
1787065533.1977 875 10 760 439
1787065533.2165 875 10 760 439
1787065533.2358 875 10 760 439
1787065533.2572 875 10 760 439
1787065533.2759 875 10 760 439
1787065533.2961 875 10 760 439
1787065533.3163 874 10 762 439
1787065533.3354 874 10 762 439
1787065533.3536 872 10 762 439
1787065533.3730 866 10 767 439
1787065533.3921 855 10 800 440
1787065533.4141 818 10 875 443
1787065533.4350 787 10 937 445
1787065533.4554 772 10 937 445
1787065533.4758 759 10 992 446
1787065533.4959 757 10 992 446
1787065533.5170 748 10 1015 447
1787065533.5369 744 10 1015 447
1787065533.5571 739 10 1033 448
1787065533.5768 739 10 1033 448
1787065533.5957 736 10 1033 448
1787065533.6167 735 10 1039 448
1787065533.6354 735 10 1040 448
1787065533.6553 735 10 1040 448
1787065533.6738 735 10 1040 448
1787065533.6932 735 10 1040 448
1787065533.7131 735 10 1040 448
1787065533.7334 735 10 1040 448
1787065533.7542 735 10 1040 448
1787065533.7740 735 10 1040 448
1787065533.7933 735 10 1040 448
1787065533.8129 735 10 1040 448
1787065533.8328 735 10 1040 448
1787065533.8505 735 10 1040 448
1787065533.8727 735 10 1040 448
1787065533.8926 735 10 1040 448
1787065533.9131 735 10 1040 448
1787065533.9340 735 10 1040 448
1787065533.9536 736 10 1038 448
1787065533.9733 739 10 1038 448
1787065533.9923 745 10 1033 449
1787065534.0124 755 10 1000 456
1787065534.0301 793 10 1000 456
1787065534.0495 793 10 925 470
1787065534.0695 838 10 834 488
1787065534.0899 838 10 834 488
1787065534.1103 859 10 793 496
1787065534.1313 859 10 793 496
1787065534.1498 867 10 793 496
1787065534.1674 870 10 776 499
1787065534.1876 873 10 764 501
1787065534.2085 874 10 763 501
1787065534.2286 875 10 761 502
1787065534.2486 875 10 760 502
1787065534.2700 875 10 760 502
1787065534.2889 875 10 760 502
1787065534.3079 875 10 760 502
1787065534.3254 875 10 760 502
1787065534.3447 875 10 760 502
1787065534.3649 875 10 760 502
1787065534.3843 875 10 760 502
1787065534.4032 875 10 760 502
1787065534.4221 875 10 760 502
1787065534.4413 875 10 760 502
1787065534.4633 875 10 760 502
1787065534.4826 875 10 760 502
1787065534.5040 875 10 760 502
1787065534.5243 875 10 760 502
1787065534.5450 875 10 760 502
1787065534.5651 875 10 760 502
1787065534.5851 875 10 760 502
1787065534.6037 875 10 760 502
1787065534.6244 875 10 760 502
1787065534.6428 875 10 760 502
1787065534.6617 875 10 760 502
1787065534.6801 875 10 760 502
1787065534.7005 875 10 760 502
1787065534.7193 875 10 760 502
1787065534.7367 875 10 760 502
1787065534.7561 875 10 760 502
1787065534.7764 875 10 760 502
1787065534.7956 875 10 760 502
1787065534.8154 874 10 762 502
1787065534.8376 874 10 762 502
1787065534.8597 872 10 767 501
1787065534.8794 855 10 800 494
1787065534.8993 855 10 800 494
1787065534.9190 829 10 826 489
1787065534.9381 818 10 875 480
1787065534.9583 800 10 911 473
1787065534.9796 800 10 911 473
1787065535.0001 793 10 911 473
1787065535.0207 787 10 937 468
1787065535.0413 781 10 937 468
1787065535.0596 765 10 981 459
1787065535.0808 757 10 981 459
1787065535.1022 746 10 997 456
1787065535.1249 743 10 1018 452
1787065535.1468 739 10 1033 449
1787065535.1697 737 10 1033 449
1787065535.1942 735 10 1040 448
1787065535.2166 735 10 1040 448
1787065535.2373 735 10 1040 448
1787065535.2586 735 10 1040 448
1787065535.2781 735 10 1040 448
1787065535.2979 736 10 1038 448
1787065535.3181 736 10 1038 448
1787065535.3354 739 10 1038 448
1787065535.3559 745 10 1033 448
1787065535.3758 755 10 1000 447
1787065535.3956 802 10 906 444
1787065535.4183 802 10 906 444
1787065535.4378 830 10 851 442
1787065535.4561 845 10 851 442
1787065535.4765 856 10 820 441
1787065535.4951 864 10 783 440
1787065535.5139 866 10 783 440
1787065535.5320 866 10 779 440
1787065535.5522 872 10 779 440
1787065535.5705 874 10 767 439
1787065535.5912 875 10 762 439
1787065535.6108 875 10 760 439
1787065535.6300 875 10 760 439
1787065535.6499 875 10 760 439
1787065535.6699 875 10 760 439
1787065535.6889 875 10 760 439
1787065535.7094 875 10 760 439
1787065535.7275 875 10 760 439
1787065535.7479 875 10 760 439
1787065535.7678 875 10 760 439
1787065535.7867 875 10 760 439
1787065535.8047 875 10 760 439
1787065535.8243 875 10 760 439
1787065535.8428 875 10 760 439
1787065535.8636 875 10 760 439
1787065535.8854 875 10 760 439
1787065535.9044 875 10 760 439
1787065535.9245 875 10 760 439
1787065535.9434 875 10 760 439
1787065535.9627 875 10 760 439
1787065535.9837 875 10 760 441
1787065536.0028 875 10 760 449
1787065536.0222 875 10 760 449
1787065536.0429 875 10 760 494
1787065536.0647 875 10 760 530
1787065536.0853 875 10 760 598
1787065536.1057 875 10 760 684
1787065536.1277 875 10 760 684
1787065536.1469 875 10 760 744
1787065536.1665 875 10 760 744
1787065536.1871 875 10 760 767
1787065536.2060 875 10 760 790
1787065536.2259 875 10 760 803
1787065536.2460 875 10 760 814
1787065536.2650 875 10 760 825
1787065536.2861 875 10 760 825
1787065536.3073 875 10 760 826
1787065536.3261 875 10 760 826
1787065536.3452 875 10 760 826
1787065536.3643 875 10 760 826
1787065536.3843 875 10 760 826
1787065536.4039 875 10 760 826
1787065536.4230 875 10 760 826
1787065536.4419 875 10 760 826
1787065536.4621 875 10 760 826
1787065536.4820 875 10 760 826
1787065536.5019 875 10 760 826
1787065536.5226 875 10 760 826
1787065536.5421 875 10 760 826
1787065536.5625 875 10 760 826
1787065536.5798 875 10 760 816
1787065536.5972 875 10 760 771
1787065536.6165 875 10 760 771
1787065536.6370 875 10 760 771
1787065536.6567 875 10 760 735
1787065536.6764 875 10 760 618
1787065536.6944 875 10 760 514
1787065536.7144 875 10 760 514
1787065536.7364 875 10 760 470
1787065536.7561 875 10 760 470
1787065536.7778 875 10 760 470
1787065536.7987 875 10 760 445
1787065536.8185 875 10 760 445
1787065536.8385 875 10 760 445
1787065536.8604 875 10 760 439
1787065536.8800 875 10 760 439
1787065536.8991 875 10 760 439
1787065536.9189 875 10 760 439
1787065536.9374 875 10 760 439
1787065536.9564 875 10 760 439
1787065536.9762 875 10 760 439
1787065536.9965 875 10 760 439
1787065537.0162 875 10 760 439
1787065537.0365 875 10 760 439
1787065537.0558 875 10 760 439
1787065537.0751 875 10 760 439
1787065537.0952 875 10 760 439
1787065537.1159 875 10 760 439
1787065537.1357 875 10 760 439
1787065537.1553 875 10 760 439
1787065537.1764 875 10 760 439
1787065537.1956 875 10 760 439
1787065537.2151 875 10 760 439
1787065537.2351 875 10 760 439
1787065537.2546 875 10 760 439
1787065537.2755 875 10 760 439
1787065537.2962 875 10 760 439
1787065537.3150 871 10 769 439
1787065537.3346 871 10 769 439
1787065537.3542 864 10 769 439
1787065537.3716 853 10 782 440
1787065537.3928 818 10 875 443
1787065537.4125 818 10 830 441
1787065537.4315 818 10 875 443
1787065537.4497 772 10 959 445
1787065537.4676 759 10 967 446
1787065537.4868 752 10 993 446
1787065537.5079 745 10 1021 447
1787065537.5272 743 10 1021 447
1787065537.5466 739 10 1024 447
1787065537.5669 737 10 1033 448
1787065537.5852 736 10 1039 448
1787065537.6045 735 10 1040 448
1787065537.6225 735 10 1040 448
1787065537.6430 735 10 1040 448
1787065537.6624 735 10 1040 448
1787065537.6811 735 10 1040 448
1787065537.7000 735 10 1040 448
1787065537.7203 735 10 1040 448
1787065537.7391 735 10 1040 448
1787065537.7598 735 10 1040 448
1787065537.7786 735 10 1040 448
1787065537.7959 736 10 1038 448
1787065537.8147 740 10 1038 448
1787065537.8321 746 10 1018 452
1787065537.8511 746 10 1018 452
1787065537.8721 757 10 996 456
1787065537.8920 794 10 922 471
1787065537.9111 830 10 861 482
1787065537.9306 846 10 819 491
1787065537.9514 855 10 801 494
1787065537.9708 857 10 801 494
1787065537.9909 857 10 796 495
1787065538.0107 868 10 774 499
1787065538.0309 871 10 768 500
1787065538.0504 874 10 763 501
1787065538.0695 875 10 763 501
1787065538.0901 875 10 761 502
1787065538.1104 875 10 760 502
1787065538.1314 875 10 760 502
1787065538.1524 875 10 760 502
1787065538.1702 875 10 760 502
1787065538.1903 875 10 760 502
1787065538.2109 875 10 760 502
1787065538.2313 875 10 760 502
1787065538.2512 875 10 760 502
1787065538.2706 875 10 760 502
1787065538.2913 875 10 760 502
1787065538.3112 875 10 760 502
1787065538.3306 875 10 760 502
1787065538.3482 875 10 760 502
1787065538.3666 875 10 760 502
1787065538.3866 874 10 762 502
1787065538.4060 866 10 779 498
1787065538.4241 855 10 779 498
1787065538.4427 842 10 800 494
1787065538.4635 829 10 852 484
1787065538.4823 800 10 911 473
1787065538.5026 800 10 911 473
1787065538.5234 777 10 957 464
1787065538.5438 759 10 957 464
1787065538.5641 752 10 993 457
1787065538.5837 745 10 1006 454
1787065538.6017 741 10 1021 452
1787065538.6219 738 10 1034 449
1787065538.6425 738 10 1034 449
1787065538.6635 736 10 1038 448
1787065538.6839 735 10 1039 448
1787065538.7031 735 10 1040 448
1787065538.7225 735 10 1040 448
1787065538.7415 735 10 1040 448
1787065538.7593 735 10 1040 448
1787065538.7795 735 10 1040 448
1787065538.7991 735 10 1040 448
1787065538.8174 735 10 1040 448
1787065538.8388 735 10 1040 448
1787065538.8603 739 10 1033 449
1787065538.8781 745 10 1021 452
1787065538.8978 755 10 1021 452
1787065538.9167 768 10 1000 456
1787065538.9363 811 10 889 477
1787065538.9558 829 10 852 484
1787065538.9759 829 10 852 484
1787065538.9962 854 10 803 494
1787065539.0152 854 10 803 494
1787065539.0339 862 10 786 497
1787065539.0539 867 10 786 497
1787065539.0754 871 10 769 500
1787065539.0950 873 10 769 500
1787065539.1161 875 10 764 501
1787065539.1372 875 10 761 502
1787065539.1565 875 10 760 502
1787065539.1772 875 10 760 502
1787065539.1972 875 10 760 502
1787065539.2165 875 10 760 502
1787065539.2371 875 10 760 502
1787065539.2569 875 10 760 502
1787065539.2748 875 10 760 502
1787065539.2925 875 10 760 502
1787065539.3103 875 10 760 502
1787065539.3280 875 10 760 502
1787065539.3461 875 10 760 502
1787065539.3655 875 10 760 502
1787065539.3855 875 10 760 502
1787065539.4050 875 10 760 502
1787065539.4243 875 10 760 502
1787065539.4445 874 10 762 502
1787065539.4636 874 10 762 502
1787065539.4823 872 10 762 502
1787065539.5016 866 10 767 501
1787065539.5213 855 10 800 494
1787065539.5415 818 10 800 494
1787065539.5602 787 10 937 468
1787065539.5795 772 10 966 462
1787065539.6000 772 10 966 462
1787065539.6203 752 10 1007 454
1787065539.6387 752 10 1007 454
1787065539.6588 745 10 1021 452
1787065539.6788 741 10 1021 452
1787065539.6984 738 10 1028 450
1787065539.7183 736 10 1034 449
1787065539.7395 735 10 1040 448
1787065539.7575 735 10 1040 448
1787065539.7784 735 10 1040 448
1787065539.7968 735 10 1040 448
1787065539.8168 735 10 1040 448
1787065539.8373 735 10 1040 448
1787065539.8576 735 10 1040 448
1787065539.8769 735 10 1040 448
1787065539.8977 735 10 1040 448
1787065539.9182 735 10 1040 448
1787065539.9378 736 10 1038 448
1787065539.9568 739 10 1038 448
1787065539.9770 745 10 1021 452
1787065539.9957 755 10 1000 456
1787065540.0148 755 10 1000 456
1787065540.0354 768 10 974 461
1787065540.0564 802 10 906 474
1787065540.0754 829 10 852 484
1787065540.0955 842 10 852 484
1787065540.1148 854 10 803 494
1787065540.1339 861 10 803 494
1787065540.1545 868 10 774 499
1787065540.1746 868 10 777 499
1787065540.1941 873 10 764 501
1787065540.2135 874 10 764 501
1787065540.2330 875 10 760 502
1787065540.2537 875 10 760 502
1787065540.2729 875 10 760 502
1787065540.2934 875 10 760 502
1787065540.3134 875 10 760 502
1787065540.3334 875 10 760 502
1787065540.3539 875 10 760 502
1787065540.3735 875 10 760 502
1787065540.3924 875 10 760 502
1787065540.4106 875 10 760 502
1787065540.4301 875 10 760 502
1787065540.4488 875 10 760 502
1787065540.4672 875 10 760 502
1787065540.4863 875 10 760 502
1787065540.5055 875 10 760 502
1787065540.5257 875 10 760 502
1787065540.5470 875 10 760 502
1787065540.5669 875 10 760 502
1787065540.5864 875 10 760 502
1787065540.6057 875 10 760 502
1787065540.6260 875 10 760 502
1787065540.6444 875 10 760 502
1787065540.6642 875 10 760 502
1787065540.6833 875 10 760 502
1787065540.7008 875 10 760 502
1787065540.7197 875 10 760 502
1787065540.7397 875 10 760 502
1787065540.7589 875 10 760 502
1787065540.7782 875 10 760 502
1787065540.7969 875 10 760 502
1787065540.8150 875 10 760 502
1787065540.8336 875 10 760 502
1787065540.8524 875 10 760 502
1787065540.8712 875 10 760 502
1787065540.8905 875 10 760 502
1787065540.9101 875 10 760 502
1787065540.9293 875 10 760 502
1787065540.9489 875 10 760 502
1787065540.9672 875 10 760 502
1787065540.9872 875 10 760 502
1787065541.0059 875 10 760 502
1787065541.0250 875 10 760 502
1787065541.0462 875 10 760 502
1787065541.0664 875 10 760 502
1787065541.0855 875 10 760 502
1787065541.1046 875 10 760 502
1787065541.1247 875 10 760 502
1787065541.1436 875 10 760 502
1787065541.1651 875 10 760 502
1787065541.1858 875 10 760 502
1787065541.2039 875 10 760 502
1787065541.2247 875 10 760 502
1787065541.2451 875 10 760 502
1787065541.2646 875 10 760 502
1787065541.2854 875 10 760 502
1787065541.3060 875 10 760 502
1787065541.3239 875 10 760 502
1787065541.3434 875 10 760 502
1787065541.3636 875 10 760 502
1787065541.3828 875 10 760 502
1787065541.4010 875 10 760 502
1787065541.4210 875 10 760 502
1787065541.4420 875 10 760 502
1787065541.4612 875 10 760 502
1787065541.4820 875 10 760 502
1787065541.5017 875 10 760 502
1787065541.5215 875 10 760 502
1787065541.5441 875 10 760 502
1787065577.2189 875 10 760 826
1787065577.2378 875 10 760 826
1787065577.2571 875 10 760 826
1787065577.2771 875 10 760 826
1787065577.2956 875 10 760 826
1787065577.3140 875 10 760 804
1787065577.3325 875 10 760 804
1787065577.3513 875 10 760 780
1787065577.3693 875 10 760 750
1787065577.3875 875 10 760 715
1787065577.4061 875 10 760 715
1787065577.4251 875 10 760 649
1787065577.4441 875 10 760 596
1787065577.4647 875 10 760 542
1787065577.4820 875 10 760 542
1787065577.5010 875 10 760 538
1787065577.5196 875 10 760 524
1787065577.5382 875 10 760 508
1787065577.5568 875 10 760 505
1787065577.5747 875 10 760 505
1787065577.5941 875 10 760 502
1787065577.6108 875 10 760 502
1787065577.6289 875 10 760 502
1787065577.6478 875 10 760 502
1787065577.6661 875 10 760 502
1787065577.6841 875 10 760 502
1787065577.7029 875 10 760 502
1787065577.7224 875 10 760 502
1787065577.7419 875 10 760 502
1787065577.7590 875 10 760 502
1787065577.7772 875 10 760 502
1787065577.7964 875 10 760 502
1787065577.8137 875 10 760 502
1787065577.8316 875 10 760 502
1787065577.8507 875 10 760 502
1787065577.8688 875 10 760 502
1787065577.8869 875 10 760 502
1787065577.9046 875 10 760 502
1787065577.9239 875 10 760 502
1787065577.9406 875 10 760 502
1787065577.9583 875 10 760 502
1787065577.9770 875 10 760 502
1787065577.9966 875 10 760 502
1787065578.0146 875 10 760 502
1787065578.0327 875 10 760 502
1787065578.0508 875 10 760 502
1787065578.0693 875 10 760 502
1787065578.0866 875 10 760 502
1787065578.1050 875 10 760 502
1787065578.1233 875 10 760 502
1787065578.1400 875 10 760 502
1787065578.1567 875 10 760 502
1787065578.1737 875 10 760 502
1787065578.1930 875 10 760 502
1787065578.2108 875 10 760 502
1787065578.2294 875 10 760 502
1787065578.2477 875 10 760 502
1787065578.2666 875 10 760 502
1787065578.2856 875 10 760 502
1787065578.3026 875 10 760 502
1787065578.3212 875 10 760 502
1787065578.3404 875 10 760 502
1787065578.3584 875 10 760 502
1787065578.3764 875 10 760 502
1787065578.3943 875 10 760 502
1787065578.4134 872 10 767 501
1787065578.4316 872 10 767 501
1787065578.4500 866 10 767 501
1787065578.4687 855 10 779 498
1787065578.4888 840 10 800 494
1787065578.5080 800 10 911 473
1787065578.5285 781 10 911 473
1787065578.5463 765 10 981 459
1787065578.5662 756 10 998 456
1787065578.5846 756 10 998 456
1787065578.6038 746 10 1015 453
1787065578.6219 741 10 1028 450
1787065578.6412 739 10 1033 449
1787065578.6605 739 10 1033 449
1787065578.6795 736 10 1039 448
1787065578.6982 736 10 1039 448
1787065578.7176 735 10 1040 448
1787065578.7364 735 10 1040 448
1787065578.7546 735 10 1040 448
1787065578.7726 735 10 1040 448
1787065578.7910 735 10 1040 448
1787065578.8097 735 10 1040 448
1787065578.8270 735 10 1040 448
1787065578.8464 735 10 1040 448
1787065578.8643 735 10 1040 448
1787065578.8825 735 10 1040 448
1787065578.9010 735 10 1040 448
1787065578.9200 735 10 1040 448
1787065578.9387 735 10 1040 448
1787065578.9575 735 10 1040 448
1787065578.9765 735 10 1040 448
1787065578.9947 735 10 1040 448
1787065579.0137 735 10 1040 448
1787065579.0323 735 10 1040 448
1787065579.0523 735 10 1040 448
1787065579.0720 735 10 1040 448
1787065579.0901 735 10 1040 448
1787065579.1092 735 10 1040 448
1787065579.1278 735 10 1040 448
1787065579.1461 735 10 1040 448
1787065579.1653 735 10 1040 448
1787065579.1845 735 10 1040 448
1787065579.2022 735 10 1040 448
1787065579.2215 735 10 1040 448
1787065579.2396 735 10 1040 448
1787065579.2586 735 10 1040 448
1787065579.2774 735 10 1040 448
1787065579.2955 735 10 1040 448
1787065579.3138 735 10 1040 448
1787065579.3322 735 10 1040 448
1787065579.3507 735 10 1040 448
1787065579.3691 735 10 1040 448
1787065579.3875 735 10 1040 448
1787065579.4057 735 10 1040 448
1787065579.4232 735 10 1040 448
1787065579.4409 735 10 1040 448
1787065579.4598 735 10 1040 448
1787065579.4802 745 10 1038 448
1787065579.4999 757 10 996 456
1787065579.5189 757 10 996 456
1787065579.5357 770 10 970 462
1787065579.5556 783 10 970 462
1787065579.5736 825 10 861 482
1787065579.5919 825 10 861 482
1787065579.6104 846 10 825 489
1787065579.6289 846 10 819 491
1787065579.6484 861 10 793 496
1787065579.6675 867 10 788 497
1787065579.6864 870 10 776 499
1787065579.7041 873 10 764 501
1787065579.7210 874 10 764 501
1787065579.7397 875 10 763 501
1787065579.7575 875 10 761 502
1787065579.7754 875 10 760 502
1787065579.7943 875 10 760 502
1787065579.8130 875 10 760 502
1787065579.8299 875 10 760 502
1787065579.8497 875 10 760 502
1787065579.8672 875 10 760 502
1787065579.8852 875 10 760 502
1787065579.9038 875 10 760 502
1787065579.9214 875 10 760 502
1787065579.9396 875 10 760 502
1787065579.9563 875 10 760 502
1787065579.9732 875 10 760 502
1787065579.9918 874 10 760 502
1787065580.0102 872 10 767 501
1787065580.0294 872 10 767 501
1787065580.0471 866 10 779 498
1787065580.0658 855 10 779 498
1787065580.0841 808 10 800 494
1787065580.1036 781 10 894 476
1787065580.1221 769 10 948 466
1787065580.1407 757 10 997 456
1787065580.1592 754 10 997 456
1787065580.1783 746 10 1002 455
1787065580.1973 742 10 1018 452
1787065580.2143 739 10 1033 449
1787065580.2329 738 10 1033 449
1787065580.2522 736 10 1039 448
1787065580.2714 736 10 1039 448
1787065580.2897 735 10 1040 448
1787065580.3077 735 10 1040 448
1787065580.3255 735 10 1040 448
1787065580.3441 735 10 1040 448
1787065580.3633 735 10 1040 448
1787065580.3814 735 10 1040 448
1787065580.3998 735 10 1040 448
1787065580.4164 735 10 1040 448
1787065580.4349 735 10 1040 448
1787065580.4538 735 10 1040 448
1787065580.4728 736 10 1040 448
1787065580.4912 739 10 1038 448
1787065580.5096 745 10 1021 452
1787065580.5280 755 10 1000 456
1787065580.5459 755 10 1000 456
1787065580.5646 802 10 906 474
1787065580.5845 824 10 906 474
1787065580.6029 842 10 863 482
1787065580.6208 851 10 827 489
1787065580.6377 860 10 790 496
1787065580.6545 866 10 779 498
1787065580.6736 866 10 779 498
1787065580.6909 871 10 770 500
1787065580.7090 874 10 763 501
1787065580.7276 875 10 761 502
1787065580.7460 875 10 761 502
1787065580.7648 875 10 760 502
1787065580.7837 875 10 760 502
1787065580.8019 875 10 760 502
1787065580.8211 875 10 760 502
1787065580.8404 875 10 760 502
1787065580.8599 875 10 760 502
1787065580.8790 875 10 760 502
1787065580.8978 875 10 760 502
1787065580.9159 875 10 760 502
1787065580.9341 875 10 760 502
1787065580.9514 875 10 760 502
1787065580.9703 875 10 760 502
1787065580.9885 874 10 762 502
1787065581.0074 855 10 800 494
1787065581.0262 855 10 779 498
1787065581.0454 842 10 826 489
1787065581.0624 829 10 852 484
1787065581.0810 829 10 852 484
1787065581.0997 818 10 875 480
1787065581.1199 793 10 875 480
1787065581.1386 769 10 973 461
1787065581.1576 769 10 966 462
1787065581.1779 754 10 1002 455
1787065581.1980 748 10 1002 455
1787065581.2176 742 10 1015 453
1787065581.2383 740 10 1026 451
1787065581.2585 737 10 1031 450
1787065581.2780 736 10 1037 449
1787065581.2964 735 10 1040 448
1787065581.3157 735 10 1040 448
1787065581.3337 735 10 1040 448
1787065581.3524 735 10 1040 448
1787065581.3704 735 10 1040 448
1787065581.3888 735 10 1040 448
1787065581.4100 736 10 1040 448
1787065581.4306 739 10 1033 449
1787065581.4492 745 10 1033 449
1787065581.4692 755 10 1000 456
1787065581.4876 793 10 925 470
1787065581.5072 793 10 925 470
1787065581.5248 824 10 863 482
1787065581.5434 838 10 863 482
1787065581.5614 851 10 834 488
1787065581.5792 859 10 808 493
1787065581.5984 866 10 779 498
1787065581.6170 869 10 772 500
1787065581.6354 869 10 772 500
1787065581.6551 872 10 766 501
1787065581.6737 874 10 762 502
1787065581.6907 875 10 760 502
1787065581.7091 875 10 760 502
1787065581.7276 875 10 760 502
1787065581.7450 875 10 760 502
1787065581.7637 875 10 760 502
1787065581.7819 875 10 760 502
1787065581.8003 875 10 760 502
1787065581.8191 875 10 760 502
1787065581.8370 875 10 760 502
1787065581.8572 875 10 760 502
1787065581.8769 875 10 760 502
1787065581.8964 875 10 760 502
1787065581.9157 875 10 760 502
1787065581.9340 875 10 760 502
1787065581.9522 875 10 760 502
1787065581.9706 875 10 760 502
1787065581.9894 875 10 760 502
1787065582.0078 875 10 760 502
1787065582.0262 875 10 760 502
1787065582.0444 875 10 760 502
1787065582.0624 875 10 760 502
1787065582.0803 875 10 760 502
1787065582.0988 875 10 760 502
1787065582.1166 875 10 760 502
1787065582.1356 875 10 760 502
1787065582.1537 875 10 760 502
1787065582.1727 875 10 760 502
1787065582.1914 875 10 760 502
1787065582.2095 875 10 760 502
1787065582.2264 875 10 760 502
1787065582.2444 875 10 760 502
1787065582.2640 875 10 760 502
1787065582.2835 875 10 760 502
1787065582.3018 875 10 760 502
1787065582.3200 875 10 760 502
1787065582.3387 875 10 760 502
1787065582.3570 875 10 760 502
1787065582.3755 875 10 760 502
1787065582.3948 875 10 760 502
1787065582.4118 875 10 760 502
1787065582.4305 875 10 760 502
1787065582.4501 875 10 760 502
1787065582.4690 875 10 760 502
1787065582.4884 875 10 760 502
1787065582.5080 875 10 760 502
1787065582.5272 875 10 760 502
1787065582.5453 875 10 760 502
1787065582.5638 875 10 760 502
1787065582.5825 875 10 760 502
1787065582.6016 875 10 760 502
1787065582.6184 875 10 760 502
1787065582.6364 875 10 760 502
1787065582.6539 875 10 760 502
1787065582.6731 875 10 760 502
1787065582.6917 875 10 760 502
1787065582.7105 875 10 760 502
1787065582.7298 875 10 760 502
1787065582.7477 875 10 760 502
1787065582.7664 875 10 760 502
1787065582.7855 875 10 760 502
1787065582.8027 875 10 760 502
1787065582.8205 875 10 760 502
1787065582.8395 875 10 760 502
1787065582.8566 875 10 760 502
1787065582.8744 875 10 760 502
1787065582.8921 875 10 760 502
1787065582.9097 875 10 760 502
1787065582.9283 875 10 760 502
1787065582.9455 875 10 760 502
1787065582.9623 875 10 760 502
1787065582.9814 875 10 760 502
1787065582.9992 875 10 760 502
1787065583.0181 875 10 760 502
1787065583.0364 875 10 760 502
1787065583.0539 875 10 760 502
1787065583.0718 875 10 760 502
1787065583.0893 875 10 760 502
1787065583.1082 875 10 760 502
1787065583.1273 875 10 760 502
1787065583.1440 875 10 760 502
1787065583.1630 875 10 760 502
1787065583.1804 875 10 760 502
1787065583.1996 875 10 760 502
1787065583.2170 875 10 760 502
1787065583.2343 875 10 760 502
1787065583.2524 875 10 760 502
1787065583.2709 875 10 760 502
1787065583.2891 875 10 760 502
1787065583.3076 875 10 760 502
1787065583.3258 875 10 760 502
1787065583.3428 875 10 760 502
1787065583.3626 875 10 760 502
1787065583.3811 875 10 760 502
1787065583.4011 875 10 760 502
1787065583.4179 875 10 760 502
1787065583.4368 875 10 760 502
1787065583.4563 875 10 760 502
1787065583.4740 875 10 760 502
1787065583.4924 875 10 760 502
1787065583.5101 875 10 760 502
1787065583.5277 875 10 760 502
1787065583.5459 875 10 760 502
1787065583.5639 875 10 760 502
1787065583.5817 875 10 760 502
1787065583.5995 875 10 760 502
1787065583.6173 875 10 760 502
1787065583.6347 875 10 760 502
1787065583.6530 875 10 760 502
1787065583.6720 875 10 760 502
1787065583.6905 875 10 760 502
1787065583.7100 875 10 760 502
1787065583.7294 875 10 760 502
1787065583.7485 875 10 760 502
1787065583.7664 875 10 760 502
1787065583.7843 875 10 760 502
1787065583.8029 875 10 760 502
1787065583.8214 875 10 760 502
1787065583.8404 875 10 760 502
1787065583.8590 874 10 760 502
1787065583.8782 871 10 762 502
1787065583.8967 864 10 769 500
1787065583.9149 853 10 804 494
1787065583.9345 816 10 878 479
1787065583.9529 786 10 939 468
1787065583.9708 772 10 967 462
1787065583.9894 772 10 967 462
1787065584.0088 756 10 993 457
1787065584.0269 748 10 1015 453
1787065584.0452 743 10 1024 451
1787065584.0648 743 10 1024 451
1787065584.0822 739 10 1032 450
1787065584.1012 736 10 1038 448
1787065584.1200 736 10 1039 448
1787065584.1383 736 10 1039 448
1787065584.1573 735 10 1040 448
1787065584.1757 735 10 1040 448
1787065584.1947 735 10 1040 448
1787065584.2134 735 10 1040 448
1787065584.2318 735 10 1040 448
1787065584.2501 735 10 1040 448
1787065584.2687 735 10 1040 448
1787065584.2869 735 10 1040 448
1787065584.3038 735 10 1040 448
1787065584.3223 735 10 1040 448
1787065584.3408 735 10 1040 448
1787065584.3598 735 10 1040 448
1787065584.3781 735 10 1040 448
1787065584.3955 735 10 1040 448
1787065584.4133 735 10 1040 448
1787065584.4319 735 10 1040 448
1787065584.4508 735 10 1040 448
1787065584.4688 735 10 1040 448
1787065584.4878 735 10 1040 448
1787065584.5054 735 10 1040 448
1787065584.5244 735 10 1040 448
1787065584.5423 735 10 1040 448
1787065584.5615 735 10 1040 448
1787065584.5808 735 10 1040 448
1787065584.5995 735 10 1040 448
1787065584.6177 735 10 1040 448
1787065584.6367 735 10 1040 448
1787065584.6547 735 10 1040 448
1787065584.6728 735 10 1040 448
1787065584.6917 735 10 1040 448
1787065584.7094 735 10 1040 448
1787065584.7273 735 10 1040 448
1787065584.7458 735 10 1040 448
1787065584.7642 735 10 1040 448
1787065584.7817 735 10 1040 448
1787065584.7987 735 10 1040 448
1787065584.8167 735 10 1040 448
1787065584.8354 735 10 1040 448
1787065584.8551 735 10 1040 448
1787065584.8743 735 10 1040 448
1787065584.8925 735 10 1040 448
1787065584.9118 735 10 1040 448
1787065584.9304 735 10 1040 448
1787065584.9488 735 10 1040 448
1787065584.9672 735 10 1040 448
1787065584.9855 735 10 1040 448
1787065585.0035 735 10 1040 448
1787065585.0221 735 10 1040 448
1787065585.0409 735 10 1040 448
1787065585.0592 735 10 1040 448
1787065585.0777 735 10 1040 448
1787065585.0948 735 10 1040 448
1787065585.1141 735 10 1040 448
1787065585.1325 735 10 1040 448
1787065585.1507 735 10 1040 448
1787065585.1689 735 10 1040 448
1787065585.1869 735 10 1040 448
1787065585.2050 735 10 1040 448
1787065585.2235 735 10 1040 448
1787065585.2419 735 10 1040 448
1787065585.2602 735 10 1040 448
1787065585.2771 735 10 1040 448
1787065585.2960 735 10 1040 448
1787065585.3144 735 10 1040 448
1787065585.3332 735 10 1040 448
1787065585.3507 735 10 1040 448
1787065585.3692 735 10 1040 448
1787065585.3872 735 10 1040 448
1787065585.4057 735 10 1040 448
1787065585.4240 735 10 1040 448
1787065585.4428 735 10 1040 448
1787065585.4608 735 10 1040 448
1787065585.4790 739 10 1040 448
1787065585.4985 739 10 1038 448
1787065585.5170 745 10 1033 449
1787065585.5344 755 10 1021 452
1787065585.5526 768 10 974 461
1787065585.5711 802 10 906 474
1787065585.5893 802 10 906 474
1787065585.6082 829 10 906 474
1787065585.6270 849 10 812 492
1787065585.6454 849 10 812 492
1787065585.6651 861 10 794 496
1787065585.6827 867 10 777 499
1787065585.7006 868 10 777 499
1787065585.7191 872 10 766 501
1787065585.7385 874 10 763 502
1787065585.7572 874 10 763 502
1787065585.7743 875 10 760 502
1787065585.7944 875 10 760 502
1787065585.8124 875 10 760 502
1787065585.8303 875 10 760 502
1787065585.8483 875 10 760 502
1787065585.8669 875 10 760 502
1787065585.8862 875 10 760 502
1787065585.9041 875 10 760 502
1787065585.9224 875 10 760 502
1787065585.9400 875 10 760 502
1787065585.9586 875 10 760 502
1787065585.9771 875 10 760 502
1787065585.9955 875 10 760 502
1787065586.0128 875 10 760 502
1787065586.0311 874 10 760 502
1787065586.0480 872 10 767 501
1787065586.0658 872 10 767 501
1787065586.0834 864 10 767 501
1787065586.1019 853 10 782 498
1787065586.1207 816 10 804 494
1787065586.1387 786 10 939 468
1787065586.1573 772 10 967 462
1787065586.1749 772 10 967 462
1787065586.1949 759 10 967 462
1787065586.2147 748 10 1012 453
1787065586.2336 748 10 1015 453
1787065586.2514 741 10 1028 450
1787065586.2705 739 10 1028 450
1787065586.2888 736 10 1033 449
1787065586.3071 736 10 1038 448
1787065586.3253 735 10 1040 448
1787065586.3435 735 10 1040 448
1787065586.3623 735 10 1040 448
1787065586.3797 735 10 1040 448
1787065586.3989 735 10 1040 448
1787065586.4184 735 10 1040 448
1787065586.4365 735 10 1040 448
1787065586.4557 735 10 1040 448
1787065586.4745 736 10 1038 448
1787065586.4936 739 10 1038 448
1787065586.5123 745 10 1021 452
1787065586.5305 755 10 1000 456
1787065586.5492 755 10 1000 456
1787065586.5670 768 10 974 461
1787065586.5857 802 10 974 461
1787065586.6044 829 10 906 474
1787065586.6223 842 10 852 484
1787065586.6408 854 10 802 494
1787065586.6608 861 10 789 496
1787065586.6799 861 10 789 496
1787065586.6988 870 10 770 500
1787065586.7169 870 10 770 500
1787065586.7365 874 10 764 501
1787065586.7560 875 10 761 502
1787065586.7748 875 10 760 502
1787065586.7925 875 10 760 502
1787065586.8104 875 10 760 502
1787065586.8285 875 10 760 502
1787065586.8475 875 10 760 502
1787065586.8660 875 10 760 502
1787065586.8836 875 10 760 502
1787065586.9019 875 10 760 502
1787065586.9207 875 10 760 502
1787065586.9393 875 10 760 502
1787065586.9576 875 10 760 502
1787065586.9760 875 10 760 502
1787065586.9944 875 10 760 502
1787065587.0136 875 10 760 502
1787065587.0319 875 10 760 502
1787065587.0510 875 10 760 502
1787065587.0687 875 10 760 502
1787065587.0869 875 10 760 502
1787065587.1054 874 10 762 502
1787065587.1240 874 10 762 502
1787065587.1418 872 10 762 502
1787065587.1600 866 10 767 501
1787065587.1776 855 10 800 494
1787065587.1973 818 10 875 480
1787065587.2155 818 10 875 480
1787065587.2341 787 10 937 468
1787065587.2524 772 10 937 468
1787065587.2702 759 10 966 462
1787065587.2887 752 10 992 457
1787065587.3052 745 10 1021 452
1787065587.3237 741 10 1028 450
1787065587.3415 741 10 1028 450
1787065587.3604 738 10 1034 449
1787065587.3799 737 10 1034 449
1787065587.3991 735 10 1037 448
1787065587.4169 735 10 1040 448
1787065587.4358 735 10 1040 448
1787065587.4546 735 10 1040 448
1787065587.4728 735 10 1040 448
1787065587.4910 735 10 1040 448
1787065587.5097 735 10 1040 448
1787065587.5266 735 10 1040 448
1787065587.5446 735 10 1040 448
1787065587.5629 735 10 1040 448
1787065587.5815 735 10 1040 448
1787065587.6003 735 10 1040 448
1787065587.6190 735 10 1040 448
1787065587.6373 735 10 1040 448
1787065587.6561 735 10 1040 448
1787065587.6729 735 10 1040 448
1787065587.6913 735 10 1040 448
1787065587.7104 735 10 1040 448
1787065587.7290 735 10 1040 448
1787065587.7480 735 10 1040 448
1787065587.7671 739 10 1033 449
1787065587.7841 757 10 1033 449
1787065587.8019 770 10 996 456
1787065587.8204 783 10 944 467
1787065587.8389 794 10 922 471
1787065587.8583 794 10 922 471
1787065587.8763 825 10 861 482
1787065587.8951 839 10 861 482
1787065587.9136 852 10 833 488
1787065587.9321 859 10 807 493
1787065587.9497 866 10 779 498
1787065587.9681 866 10 779 498
1787065587.9862 870 10 770 500
1787065588.0037 873 10 770 500
1787065588.0246 875 10 761 502
1787065588.0432 875 10 760 502
1787065588.0631 875 10 760 502
1787065588.0818 875 10 760 502
1787065588.1002 875 10 760 502
1787065588.1191 875 10 760 502
1787065588.1371 875 10 760 502
1787065588.1552 875 10 760 502
1787065588.1728 875 10 760 502
1787065588.1911 875 10 760 502
1787065588.2098 875 10 760 502
1787065588.2281 875 10 760 502
1787065588.2466 875 10 760 502
1787065588.2654 875 10 760 502
1787065588.2836 875 10 760 502
1787065588.3007 875 10 760 502
1787065588.3181 875 10 760 502
1787065588.3367 875 10 760 502
1787065588.3552 875 10 760 502
1787065588.3730 875 10 760 502
1787065588.3906 875 10 760 502
1787065588.4090 875 10 760 502
1787065588.4276 875 10 760 502
1787065588.4464 875 10 760 502
1787065588.4644 875 10 760 502
1787065588.4839 875 10 760 502
1787065588.5032 875 10 760 502
1787065588.5215 875 10 760 502
1787065588.5400 875 10 760 502
1787065588.5604 875 10 760 502
1787065588.5778 875 10 760 502
1787065588.5962 875 10 760 502
1787065588.6138 875 10 760 502
1787065588.6330 875 10 760 502
1787065588.6524 875 10 760 502
1787065588.6711 875 10 760 502
1787065588.6894 875 10 760 502
1787065588.7077 875 10 760 502
1787065588.7266 875 10 760 502
1787065588.7457 875 10 760 502
1787065588.7624 875 10 760 502
1787065588.7798 875 10 760 502
1787065588.7979 875 10 760 502
1787065588.8162 875 10 760 502
1787065588.8353 875 10 760 502
1787065588.8521 875 10 760 502
1787065588.8707 875 10 760 502
1787065588.8893 875 10 760 502
1787065588.9085 875 10 760 502
1787065588.9268 875 10 760 502
1787065588.9452 875 10 760 502
1787065588.9636 875 10 760 502
1787065588.9817 875 10 760 502
1787065589.0005 875 10 760 502
1787065589.0199 875 10 760 502
1787065589.0367 875 10 760 502
1787065589.0533 875 10 760 502
1787065589.0718 875 10 760 502
1787065589.0902 875 10 760 502
1787065589.1082 875 10 760 502
1787065589.1262 875 10 760 502
1787065589.1460 875 10 760 502
1787065589.1650 875 10 760 502
1787065589.1828 875 10 760 502
1787065589.2018 875 10 760 502
1787065589.2211 875 10 760 502
1787065589.2399 875 10 760 502
1787065589.2576 875 10 760 502
1787065589.2766 875 10 760 502
1787065589.2955 875 10 760 502
1787065589.3141 875 10 760 502
1787065589.3327 872 10 767 501
1787065589.3516 872 10 762 502
1787065589.3706 866 10 767 501
1787065589.3887 855 10 779 498
1787065589.4071 842 10 826 489
1787065589.4252 808 10 894 476
1787065589.4433 808 10 894 476
1787065589.4619 781 10 948 466
1787065589.4803 769 10 948 466
1787065589.4989 754 10 1002 455
1787065589.5175 754 10 1002 455
1787065589.5355 745 10 1018 452
1787065589.5540 745 10 1021 452
1787065589.5724 740 10 1031 450
1787065589.5911 737 10 1031 450
1787065589.6098 736 10 1036 449
1787065589.6291 735 10 1039 448
1787065589.6480 735 10 1040 448
1787065589.6661 735 10 1040 448
1787065589.6845 735 10 1040 448
1787065589.7029 735 10 1040 448
1787065589.7216 735 10 1040 448
1787065589.7394 735 10 1040 448
1787065589.7573 735 10 1040 448
1787065589.7756 735 10 1040 448
1787065589.7954 735 10 1040 448
1787065589.8141 735 10 1040 448
1787065589.8332 735 10 1040 448
1787065589.8516 735 10 1040 448
1787065589.8689 735 10 1040 448
1787065589.8869 735 10 1040 448
1787065589.9048 735 10 1040 448
1787065589.9231 735 10 1040 448
1787065589.9427 735 10 1040 448
1787065589.9614 735 10 1040 448
1787065589.9810 735 10 1040 448
1787065589.9985 735 10 1040 448
1787065590.0174 735 10 1040 448
1787065590.0355 735 10 1040 448
1787065590.0529 735 10 1040 448
1787065590.0724 735 10 1040 448
1787065590.0921 735 10 1040 448
1787065590.1101 735 10 1040 448
1787065590.1275 735 10 1040 448
1787065590.1445 735 10 1040 448
1787065590.1625 735 10 1040 448
1787065590.1796 735 10 1040 448
1787065590.1986 735 10 1040 448
1787065590.2154 735 10 1040 448
1787065590.2340 735 10 1040 448
1787065590.2522 735 10 1040 448
1787065590.2704 735 10 1040 448
1787065590.2888 735 10 1040 448
1787065590.3073 735 10 1040 448
1787065590.3257 746 10 1031 450
1787065590.3449 757 10 996 456
1787065590.3633 770 10 996 456
1787065590.3824 783 10 944 467
1787065590.4013 812 10 887 478
1787065590.4211 812 10 887 478
1787065590.4395 835 10 841 486
1787065590.4592 846 10 841 486
1787065590.4787 859 10 792 496
1787065590.4975 866 10 779 498
1787065590.5156 869 10 772 500
1787065590.5347 869 10 772 500
1787065590.5536 873 10 765 501
1787065590.5725 874 10 765 501
1787065590.5919 875 10 760 502
1787065590.6109 875 10 760 502
1787065590.6290 875 10 760 502
1787065590.6475 875 10 760 502
1787065590.6661 875 10 760 502
1787065590.6838 875 10 760 502
1787065590.7019 875 10 760 502
1787065590.7204 875 10 760 502
1787065590.7388 875 10 760 502
1787065590.7571 875 10 760 502
1787065590.7767 875 10 760 502
1787065590.7948 875 10 760 502
1787065590.8137 875 10 760 502
1787065590.8312 875 10 760 502
1787065590.8489 875 10 760 502
1787065590.8678 875 10 760 502
1787065590.8867 875 10 760 502
1787065590.9055 875 10 760 502
1787065590.9240 875 10 760 502
1787065590.9424 875 10 760 502
1787065590.9607 875 10 760 502
1787065590.9777 875 10 760 502
1787065590.9961 875 10 760 502
1787065591.0143 875 10 760 502
1787065591.0322 875 10 760 502
1787065591.0513 875 10 760 502
1787065591.0695 875 10 760 502
1787065591.0879 875 10 760 502
1787065591.1063 875 10 760 502
1787065591.1248 875 10 760 502
1787065591.1433 875 10 760 502
1787065591.1615 875 10 760 502
1787065591.1784 875 10 760 502
1787065591.1981 875 10 760 502
1787065591.2167 875 10 760 502
1787065591.2356 875 10 760 502
1787065591.2554 875 10 760 502
1787065591.2738 875 10 760 502
1787065591.2922 875 10 760 502
1787065591.3103 875 10 760 502
1787065591.3294 875 10 760 502
1787065591.3481 875 10 760 502
1787065591.3670 875 10 760 502
1787065591.3849 875 10 760 502
1787065591.4063 875 10 760 502
1787065591.4248 875 10 760 502
1787065591.4447 875 10 760 502
1787065591.4640 875 10 760 502
1787065591.4810 875 10 760 502
1787065591.4995 875 10 760 502
1787065591.5175 875 10 760 502
1787065591.5374 875 10 760 502
1787065591.5542 875 10 760 502
1787065591.5727 875 10 760 502
1787065591.5908 875 10 760 502
1787065591.6095 875 10 760 502
1787065591.6272 875 10 760 502
1787065591.6458 875 10 760 502
1787065591.6650 875 10 760 502
1787065591.6841 875 10 760 502
1787065591.7011 875 10 760 502
1787065591.7210 875 10 760 502
1787065591.7412 875 10 760 502
1787065591.7606 875 10 760 502
1787065591.7785 875 10 760 502
1787065591.7968 875 10 760 502
1787065591.8137 875 10 760 502
1787065591.8334 875 10 760 502
1787065591.8529 874 10 760 502
1787065591.8723 872 10 762 502
1787065591.8920 866 10 779 498
1787065591.9099 855 10 779 498
1787065591.9277 842 10 826 489
1787065591.9466 842 10 826 489
1787065591.9653 808 10 894 476
1787065591.9821 781 10 948 466
1787065592.0004 764 10 948 466
1787065592.0190 764 10 973 461
1787065592.0370 764 10 983 459
1787065592.0552 746 10 1015 453
1787065592.0736 740 10 1030 450
1787065592.0919 738 10 1034 449
1787065592.1103 738 10 1034 449
1787065592.1282 736 10 1038 448
1787065592.1480 735 10 1038 448
1787065592.1662 735 10 1040 448
1787065592.1845 735 10 1040 448
1787065592.2034 738 10 1034 449
1787065592.2227 738 10 1034 449
1787065592.2424 793 10 952 465
1787065592.2607 829 10 852 484
1787065592.2790 842 10 827 489
1787065592.2970 842 10 852 484
1787065592.3154 854 10 803 494
1787065592.3354 861 10 803 494
1787065592.3552 867 10 789 496
1787065592.3735 871 10 769 500
1787065592.3917 873 10 764 501
1787065592.4104 873 10 764 501
1787065592.4285 875 10 764 501
1787065592.4457 875 10 761 502
1787065592.4628 875 10 760 502
1787065592.4810 875 10 760 502
1787065592.4983 875 10 760 502
1787065592.5151 875 10 760 502
1787065592.5331 875 10 760 502
1787065592.5500 872 10 760 502
1787065592.5684 872 10 762 502
1787065592.5860 866 10 767 501
1787065592.6044 855 10 779 498
1787065592.6223 842 10 826 489
1787065592.6395 808 10 894 476
1787065592.6587 808 10 894 476
1787065592.6766 781 10 948 466
1787065592.6958 767 10 948 466
1787065592.7139 757 10 976 460
1787065592.7325 750 10 997 456
1787065592.7510 744 10 1023 451
1787065592.7701 740 10 1030 450
1787065592.7882 737 10 1036 449
1787065592.8060 736 10 1038 448
1787065592.8251 736 10 1036 449
1787065592.8434 735 10 1040 448
1787065592.8623 735 10 1040 448
1787065592.8809 735 10 1040 448
1787065592.8997 735 10 1040 448
1787065592.9184 739 10 1033 449
1787065592.9377 739 10 1033 449
1787065592.9556 783 10 1033 449
1787065592.9735 825 10 861 482
1787065592.9921 825 10 861 482
1787065593.0100 843 10 861 482
1787065593.0292 857 10 796 495
1787065593.0480 857 10 796 495
1787065593.0672 864 10 782 498
1787065593.0853 868 10 774 499
1787065593.1053 872 10 767 501
1787065593.1246 874 10 767 501
1787065593.1431 875 10 763 501
1787065593.1615 875 10 761 502
1787065593.1811 875 10 760 502
1787065593.2001 875 10 760 502
1787065593.2183 875 10 760 502
1787065593.2384 875 10 760 502
1787065593.2562 875 10 760 502
1787065593.2759 875 10 760 502
1787065593.2938 875 10 760 502
1787065593.3131 872 10 767 501
1787065593.3325 872 10 767 501
1787065593.3504 866 10 767 501
1787065593.3673 855 10 779 498
1787065593.3859 842 10 826 489
1787065593.4052 842 10 826 489
1787065593.4238 800 10 911 473
1787065593.4439 781 10 911 473
1787065593.4628 765 10 948 466
1787065593.4811 754 10 980 459
1787065593.4982 748 10 1002 455
1787065593.5160 742 10 1026 451
1787065593.5352 740 10 1031 450
1787065593.5530 740 10 1031 450
1787065593.5720 737 10 1037 449
1787065593.5900 736 10 1037 449
1787065593.6087 735 10 1039 448
1787065593.6275 735 10 1040 448
1787065593.6464 735 10 1040 448
1787065593.6641 735 10 1040 448
1787065593.6824 735 10 1040 448
1787065593.7012 735 10 1040 448
1787065593.7199 739 10 1038 448
1787065593.7384 745 10 1021 452
1787065593.7579 755 10 1000 456
1787065593.7760 768 10 974 461
1787065593.7964 768 10 974 461
1787065593.8149 802 10 906 474
1787065593.8349 829 10 852 484
1787065593.8553 842 10 852 484
1787065593.8748 854 10 803 494
1787065593.8945 861 10 803 494
1787065593.9134 867 10 789 496
1787065593.9346 870 10 777 499
1787065593.9533 873 10 770 500
1787065593.9721 874 10 764 501
1787065593.9890 875 10 760 502
1787065594.0070 875 10 760 502
1787065594.0255 875 10 760 502
1787065594.0432 875 10 760 502
1787065594.0597 875 10 760 502
1787065594.0774 875 10 760 502
1787065594.0959 875 10 760 502
1787065594.1151 875 10 760 502
1787065594.1337 875 10 760 502
1787065594.1530 875 10 760 502
1787065594.1714 875 10 760 502
1787065594.1905 875 10 760 502
1787065594.2076 875 10 760 502
1787065594.2273 875 10 760 502
1787065594.2457 874 10 760 502
1787065594.2635 872 10 762 502
1787065594.2833 866 10 779 498
1787065594.3011 855 10 800 494
1787065594.3203 855 10 800 494
1787065594.3391 808 10 894 476
1787065594.3583 787 10 894 476
1787065594.3770 769 10 973 461
1787065594.3960 759 10 973 461
1787065594.4139 750 10 992 457
1787065594.4336 745 10 1011 454
1787065594.4520 740 10 1030 450
1787065594.4699 738 10 1034 449
1787065594.4880 738 10 1034 449
1787065594.5060 736 10 1038 448
1787065594.5230 735 10 1038 448
1787065594.5417 735 10 1040 448
1787065594.5598 735 10 1040 448
1787065594.5778 735 10 1040 448
1787065594.5950 735 10 1040 448
1787065594.6117 735 10 1040 448
1787065594.6283 735 10 1040 448
1787065594.6465 735 10 1040 448
1787065594.6649 735 10 1040 448
1787065594.6831 735 10 1040 448
1787065594.7005 735 10 1040 448
1787065594.7173 735 10 1040 448
1787065594.7360 735 10 1040 448
1787065594.7532 735 10 1040 448
1787065594.7714 735 10 1040 448
1787065594.7919 735 10 1040 448
1787065594.8113 736 10 1038 448
1787065594.8292 757 10 1038 448
1787065594.8457 757 10 1018 452
1787065594.8637 770 10 996 456
1787065594.8823 783 10 970 462
1787065594.8995 794 10 922 471
1787065594.9192 819 10 873 480
1787065594.9387 819 10 873 480
1787065594.9558 849 10 812 492
1787065594.9742 849 10 833 488
1787065594.9919 859 10 812 492
1787065595.0091 864 10 793 496
1787065595.0277 869 10 772 500
1787065595.0460 869 10 772 500
1787065595.0641 873 10 765 501
1787065595.0831 874 10 765 501
1787065595.1015 875 10 762 502
1787065595.1206 875 10 760 502
1787065595.1386 875 10 760 502
1787065595.1568 875 10 760 502
1787065595.1738 875 10 760 502
1787065595.1924 875 10 760 502
1787065595.2121 875 10 760 502
1787065595.2315 875 10 760 502
1787065595.2504 875 10 760 502
1787065595.2693 875 10 760 502
1787065595.2881 875 10 760 502
1787065595.3081 874 10 760 502
1787065595.3278 872 10 767 501
1787065595.3470 866 10 767 501
1787065595.3651 818 10 875 480
1787065595.3822 793 10 925 470
1787065595.4011 793 10 925 470
1787065595.4201 768 10 925 470
1787065595.4397 768 10 966 462
1787065595.4604 752 10 975 461
1787065595.4789 746 10 1006 454
1787065595.4977 741 10 1018 452
1787065595.5158 738 10 1034 449
1787065595.5347 737 10 1037 448
1787065595.5530 737 10 1037 448
1787065595.5719 735 10 1040 448
1787065595.5906 735 10 1040 448
1787065595.6089 735 10 1040 448
1787065595.6267 737 10 1037 449
1787065595.6448 737 10 1037 449
1787065595.6633 768 10 974 461
1787065595.6819 804 10 974 461
1787065595.7015 835 10 841 486
1787065595.7184 835 10 841 486
1787065595.7366 849 10 812 492
1787065595.7539 857 10 812 492
1787065595.7724 864 10 797 495
1787065595.7895 868 10 782 498
1787065595.8084 872 10 767 501
1787065595.8262 873 10 767 501
1787065595.8450 875 10 761 502
1787065595.8643 875 10 760 502
1787065595.8840 875 10 760 502
1787065595.9034 875 10 760 502
1787065595.9211 875 10 760 502
1787065595.9378 875 10 760 502
1787065595.9563 875 10 760 502
1787065595.9744 875 10 760 502
1787065595.9933 875 10 760 502
1787065596.0115 875 10 760 502
1787065596.0291 875 10 760 502
1787065596.0478 875 10 760 502
1787065596.0647 875 10 760 502
1787065596.0829 875 10 760 502
1787065596.1019 875 10 760 502
1787065596.1214 875 10 760 502
1787065596.1394 875 10 760 502
1787065596.1583 875 10 760 502
1787065596.1764 875 10 760 502
1787065596.1945 875 10 760 502
1787065596.2118 875 10 760 502
1787065596.2288 875 10 760 502
1787065596.2479 875 10 760 502
1787065596.2667 875 10 760 502
1787065596.2871 875 10 760 502
1787065596.3052 875 10 760 502
1787065596.3234 875 10 760 502
1787065596.3410 875 10 760 502
1787065596.3585 874 10 762 502
1787065596.3758 866 10 762 502
1787065596.3927 855 10 779 498
1787065596.4114 855 10 800 494
1787065596.4301 842 10 826 489
1787065596.4488 829 10 852 484
1787065596.4679 793 10 925 470
1787065596.4865 777 10 925 470
1787065596.5062 759 10 957 464
1787065596.5237 752 10 1007 454
1787065596.5424 752 10 1007 454
1787065596.5613 744 10 1007 454
1787065596.5815 744 10 1021 452
1787065596.5999 738 10 1023 451
1787065596.6184 758 10 995 457
1787065596.6367 773 10 995 457
1787065596.6565 813 10 884 478
1787065596.6750 831 10 884 478
1787065596.6940 850 10 811 492
1787065596.7115 850 10 811 492
1787065596.7309 861 10 792 496
1787065596.7489 867 10 776 499
1787065596.7676 868 10 776 499
1787065596.7869 873 10 765 501
1787065596.8045 873 10 765 501
1787065596.8234 874 10 762 502
1787065596.8415 875 10 762 502
1787065596.8599 875 10 760 502
1787065596.8785 875 10 760 502
1787065596.8967 875 10 760 502
1787065596.9159 875 10 760 502
1787065596.9345 875 10 760 502
1787065596.9540 875 10 760 502
1787065596.9718 875 10 760 502
1787065596.9889 875 10 760 502
1787065597.0075 875 10 760 502
1787065597.0269 874 10 762 502
1787065597.0454 853 10 762 502
1787065597.0634 840 10 782 498
1787065597.0811 840 10 804 494
1787065597.1002 827 10 856 483
1787065597.1189 816 10 878 479
1787065597.1389 807 10 897 476
1787065597.1571 799 10 897 476
1787065597.1760 792 10 913 472
1787065597.1950 776 10 927 470
1787065597.2148 761 10 959 464
1787065597.2330 754 10 988 458
1787065597.2528 746 10 1018 452
1787065597.2697 745 10 1018 452
1787065597.2895 739 10 1032 450
1787065597.3074 737 10 1036 449
1787065597.3262 737 10 1036 449
1787065597.3448 736 10 1039 448
1787065597.3622 735 10 1040 448
1787065597.3802 736 10 1038 448
1787065597.3986 736 10 1038 448
1787065597.4170 768 10 1038 448
1787065597.4358 818 10 875 480
1787065597.4549 818 10 875 480
1787065597.4730 849 10 812 492
1787065597.4914 849 10 812 492
1787065597.5106 859 10 793 496
1787065597.5306 864 10 793 496
1787065597.5506 870 10 770 500
1787065597.5693 870 10 770 500
1787065597.5887 874 10 762 502
1787065597.6084 874 10 762 502
1787065597.6277 875 10 760 502
1787065597.6467 875 10 760 502
1787065597.6658 875 10 760 502
1787065597.6857 875 10 760 502
1787065597.7044 875 10 760 502
1787065597.7233 875 10 760 502
1787065597.7422 875 10 760 502
1787065597.7592 875 10 760 502
1787065597.7778 875 10 760 502
1787065597.7958 875 10 760 502
1787065597.8150 875 10 760 502
1787065597.8344 875 10 760 502
1787065597.8540 875 10 760 502
1787065597.8723 875 10 760 502
1787065597.8905 874 10 760 502
1787065597.9085 872 10 762 502
1787065597.9266 866 10 779 498
1787065597.9445 853 10 779 498
1787065597.9639 840 10 830 488
1787065597.9808 827 10 830 488
1787065597.9984 816 10 878 479
1787065598.0173 807 10 897 476
1787065598.0365 807 10 897 476
1787065598.0536 781 10 949 465
1787065598.0718 781 10 913 472
1787065598.0900 761 10 988 458
1787065598.1092 761 10 981 459
1787065598.1281 750 10 988 458
1787065598.1465 769 10 972 461
1787065598.1658 781 10 948 466
1787065598.1851 825 10 874 480
1787065598.2042 843 10 825 490
1787065598.2247 847 10 825 490
1787065598.2423 858 10 795 495
1787065598.2591 863 10 795 495
1787065598.2778 868 10 775 499
1787065598.2976 869 10 775 499
1787065598.3169 874 10 763 501
1787065598.3339 874 10 765 501
1787065598.3534 875 10 760 502
1787065598.3730 875 10 760 502
1787065598.3918 875 10 760 502
1787065598.4093 875 10 760 502
1787065598.4283 875 10 760 502
1787065598.4470 875 10 760 502
1787065598.4664 875 10 760 502
1787065598.4849 875 10 760 502
1787065598.5032 875 10 760 502
1787065598.5210 875 10 760 502
1787065598.5401 875 10 760 502
1787065598.5583 875 10 760 502
1787065598.5770 872 10 760 502
1787065598.5949 866 10 767 501
1787065598.6166 855 10 800 494
1787065598.6352 842 10 800 494
1787065598.6557 829 10 852 484
1787065598.6741 818 10 852 484
1787065598.6910 808 10 875 480
1787065598.7092 800 10 911 473
1787065598.7281 800 10 911 473
1787065598.7465 786 10 927 470
1787065598.7637 781 10 939 468
1787065598.7826 776 10 949 465
1787065598.7997 772 10 967 462
1787065598.8180 768 10 967 462
1787065598.8369 765 10 981 459
1787065598.8537 761 10 981 459
1787065598.8724 761 10 988 458
1787065598.8925 756 10 993 457
1787065598.9104 754 10 998 456
1787065598.9295 752 10 1003 455
1787065598.9486 750 10 1011 454
1787065598.9675 750 10 1011 454
1787065598.9850 768 10 975 461
1787065599.0043 801 10 975 461
1787065599.0241 829 10 908 474
1787065599.0427 842 10 852 484
1787065599.0624 857 10 797 495
1787065599.0816 857 10 802 494
1787065599.1009 867 10 777 499
1787065599.1208 867 10 777 499
1787065599.1386 873 10 765 501
1787065599.1580 873 10 769 500
1787065599.1757 875 10 761 502
1787065599.1951 875 10 761 502
1787065599.2142 875 10 760 502
1787065599.2329 875 10 760 502
1787065599.2508 875 10 760 502
1787065599.2701 872 10 763 501
1787065599.2873 827 10 856 483
1787065599.3061 799 10 913 472
1787065599.3243 799 10 913 472
1787065599.3436 776 10 959 464
1787065599.3625 764 10 959 464
1787065599.3812 751 10 1008 454
1787065599.4003 751 10 1008 454
1787065599.4188 741 10 1028 450
1787065599.4366 741 10 1028 450
1787065599.4567 738 10 1028 450
1787065599.4771 736 10 1035 449
1787065599.4957 735 10 1040 448
1787065599.5148 735 10 1040 448
1787065599.5329 735 10 1040 448
1787065599.5529 735 10 1040 448
1787065599.5709 735 10 1040 448
1787065599.5896 735 10 1040 448
1787065599.6066 735 10 1040 448
1787065599.6248 735 10 1040 448
1787065599.6430 735 10 1040 448
1787065599.6618 735 10 1040 448
1787065599.6806 736 10 1038 448
1787065599.6988 736 10 1038 448
1787065599.7174 739 10 1038 448
1787065599.7355 745 10 1033 449
1787065599.7540 768 10 974 461
1787065599.7723 768 10 1000 456
1787065599.7897 781 10 948 466
1787065599.8079 793 10 948 466
1787065599.8264 802 10 906 474
1787065599.8444 811 10 889 477
1787065599.8628 811 10 889 477
1787065599.8821 824 10 875 480
1787065599.9017 824 10 863 482
1787065599.9208 829 10 852 484
1787065599.9393 838 10 852 484
1787065599.9601 842 10 834 488
1787065599.9806 845 10 820 491
1787065599.9979 849 10 820 491
1787065600.0176 851 10 813 492
1787065600.0356 854 10 808 493
1787065600.0542 856 10 798 495
1787065600.0744 858 10 798 495
1787065600.0944 860 10 794 496
1787065600.1137 857 10 796 495
1787065600.1321 857 10 796 495
1787065600.1518 852 10 807 493
1787065600.1713 843 10 825 489
1787065600.1908 819 10 849 485
1787065600.2083 809 10 893 476
1787065600.2259 800 10 910 473
1787065600.2450 793 10 910 473
1787065600.2638 787 10 924 470
1787065600.2835 781 10 937 468
1787065600.3023 776 10 958 464
1787065600.3218 772 10 958 464
1787065600.3408 768 10 974 461
1787065600.3594 765 10 974 461
1787065600.3795 762 10 981 459
1787065600.3981 754 10 987 458
1787065600.4163 747 10 1017 452
1787065600.4344 745 10 1017 452
1787065600.4540 741 10 1020 452
1787065600.4720 743 10 1025 451
1787065600.4906 743 10 1034 449
1787065600.5097 743 10 1025 451
1787065600.5289 813 10 900 475
1787065600.5486 836 10 884 478
1787065600.5654 847 10 839 487
1787065600.5845 857 10 796 495
1787065600.6025 860 10 796 495
1787065600.6208 866 10 791 496
1787065600.6399 869 10 779 498
1787065600.6589 873 10 765 501
1787065600.6785 873 10 765 501
1787065600.6971 875 10 764 501
1787065600.7161 875 10 761 502
1787065600.7357 875 10 760 502
1787065600.7546 875 10 760 502
1787065600.7732 875 10 760 502
1787065600.7919 875 10 760 502
1787065600.8093 875 10 760 502
1787065600.8280 875 10 760 502
1787065600.8449 875 10 760 502
1787065600.8640 875 10 760 502
1787065600.8825 875 10 760 502
1787065600.9016 875 10 760 502
1787065600.9201 875 10 760 502
1787065600.9385 874 10 762 502
1787065600.9564 855 10 800 494
1787065600.9748 855 10 779 498
1787065600.9927 842 10 826 489
1787065601.0109 829 10 852 484
1787065601.0279 829 10 852 484
1787065601.0463 818 10 875 480
1787065601.0654 791 10 875 480
1787065601.0836 772 10 929 469
1787065601.1027 759 10 992 457
1787065601.1209 752 10 992 457
1787065601.1398 745 10 1021 452
1787065601.1602 741 10 1028 450
1787065601.1791 741 10 1028 450
1787065601.1988 738 10 1034 449
1787065601.2186 737 10 1034 449
1787065601.2392 735 10 1040 448
1787065601.2589 735 10 1040 448
1787065601.2781 735 10 1040 448
1787065601.2964 735 10 1040 448
1787065601.3151 735 10 1040 448
1787065601.3335 739 10 1033 449
1787065601.3531 739 10 1038 448
1787065601.3711 745 10 1033 449
1787065601.3895 755 10 1021 452
1787065601.4074 768 10 974 461
1787065601.4260 768 10 974 461
1787065601.4438 811 10 889 477
1787065601.4625 829 10 889 477
1787065601.4818 845 10 852 484
1787065601.5002 856 10 798 495
1787065601.5190 863 10 785 497
1787065601.5371 863 10 785 497
1787065601.5561 868 10 774 499
1787065601.5754 871 10 774 499
1787065601.5940 874 10 763 501
1787065601.6128 874 10 763 501
1787065601.6321 875 10 760 502
1787065601.6509 875 10 760 502
1787065601.6698 875 10 760 502
1787065601.6884 875 10 760 502
1787065601.7068 875 10 760 502
1787065601.7250 875 10 760 502
1787065601.7432 875 10 760 502
1787065601.7616 875 10 760 502
1787065601.7799 874 10 762 502
1787065601.7980 872 10 762 502
1787065601.8168 872 10 767 501
1787065601.8352 866 10 779 498
1787065601.8533 855 10 779 498
1787065601.8715 842 10 800 494
1787065601.8898 808 10 826 489
1787065601.9068 781 10 948 466
1787065601.9236 781 10 948 466
1787065601.9403 765 10 980 459
1787065601.9590 757 10 980 459
1787065601.9763 748 10 997 456
1787065601.9957 744 10 1015 453
1787065602.0139 740 10 1031 450
1787065602.0331 737 10 1036 449
1787065602.0511 737 10 1036 449
1787065602.0702 736 10 1039 448
1787065602.0891 735 10 1039 448
1787065602.1078 735 10 1040 448
1787065602.1247 735 10 1040 448
1787065602.1425 735 10 1040 448
1787065602.1608 735 10 1040 448
1787065602.1785 735 10 1040 448
1787065602.1967 735 10 1040 448
1787065602.2159 735 10 1040 448
1787065602.2330 735 10 1040 448
1787065602.2513 735 10 1040 448
1787065602.2694 735 10 1040 448
1787065602.2872 735 10 1040 448
1787065602.3046 735 10 1040 448
1787065602.3220 735 10 1040 448
1787065602.3402 735 10 1040 448
1787065602.3595 735 10 1040 448
1787065602.3773 735 10 1040 448
1787065602.3953 735 10 1040 448
1787065602.4139 735 10 1040 448
1787065602.4325 735 10 1040 448
1787065602.4512 735 10 1040 448
1787065602.4703 736 10 1040 448
1787065602.4901 740 10 1031 448
1787065602.5108 740 10 1031 448
1787065602.5312 757 10 996 447
1787065602.5502 757 10 996 447
1787065602.5673 812 10 903 444
1787065602.5849 835 10 841 442
1787065602.6044 846 10 819 441
1787065602.6237 846 10 819 441
1787065602.6428 863 10 785 440
1787065602.6630 863 10 785 440
1787065602.6819 869 10 774 439
1787065602.7026 873 10 765 439
1787065602.7230 874 10 765 439
1787065602.7408 875 10 760 439
1787065602.7611 875 10 760 439
1787065602.7808 875 10 760 439
1787065602.8004 875 10 760 439
1787065602.8183 875 10 760 439
1787065602.8373 875 10 760 439
1787065602.8561 875 10 760 439
1787065602.8733 875 10 760 439
1787065602.8920 875 10 760 439
1787065602.9107 875 10 760 439
1787065602.9296 875 10 760 439
1787065602.9477 875 10 760 439
1787065602.9662 875 10 760 439
1787065602.9842 875 10 760 439
1787065603.0027 875 10 760 439
1787065603.0223 875 10 760 439
1787065603.0414 875 10 760 439
1787065603.0608 875 10 760 439
1787065603.0793 875 10 760 439
1787065603.0991 875 10 760 439
1787065603.1161 875 10 760 439
1787065603.1346 875 10 760 439
1787065603.1544 875 10 760 439
1787065603.1730 875 10 760 439
1787065603.1927 875 10 760 439
1787065603.2111 875 10 760 439
1787065603.2290 875 10 760 439
1787065603.2478 875 10 760 439
1787065603.2666 875 10 760 439
1787065603.2853 875 10 760 439
1787065603.3043 875 10 760 449
1787065603.3238 875 10 760 449
1787065603.3424 875 10 760 466
1787065603.3619 875 10 760 466
1787065603.3804 875 10 760 566
1787065603.3993 875 10 760 667
1787065603.4176 875 10 760 712
1787065603.4360 875 10 760 774
1787065603.4561 875 10 760 791
1787065603.4753 875 10 760 806
1787065603.4944 875 10 760 814
1787065603.5128 875 10 760 814
1787065603.5297 875 10 760 821
1787065603.5482 875 10 760 821
1787065603.5668 875 10 760 825
1787065603.5856 875 10 760 826
1787065603.6044 875 10 760 826
1787065603.6225 875 10 760 826
1787065603.6414 875 10 760 826
1787065603.6605 875 10 760 826
1787065603.6790 875 10 760 826
1787065603.6974 875 10 760 826
1787065603.7166 875 10 760 826
1787065603.7354 875 10 760 826
1787065603.7554 875 10 760 826
1787065603.7728 875 10 760 826
1787065603.7920 875 10 760 824
1787065603.8107 875 10 760 824
1787065603.8276 875 10 760 824
1787065603.8448 875 10 760 816
1787065603.8633 875 10 760 799
1787065603.8827 875 10 760 735
1787065603.9013 875 10 760 640
1787065603.9207 875 10 760 640
1787065603.9390 875 10 760 567
1787065603.9574 875 10 760 567
1787065603.9757 875 10 760 498
1787065603.9954 875 10 760 498
1787065604.0146 875 10 760 479
1787065604.0337 875 10 760 462
1787065604.0530 875 10 760 445
1787065604.0722 875 10 760 441
1787065604.0911 875 10 760 441
1787065604.1103 875 10 760 439
1787065604.1275 875 10 760 439
1787065604.1466 875 10 760 439
1787065604.1652 875 10 760 439
1787065604.1842 875 10 760 439
1787065604.2034 875 10 760 439
1787065604.2221 875 10 760 439
1787065604.2401 875 10 760 439
1787065604.2578 875 10 760 439
1787065604.2768 875 10 760 439
1787065604.2955 875 10 760 439
1787065604.3139 875 10 760 439
1787065604.3321 875 10 760 439
1787065604.3519 875 10 760 439
1787065604.3705 874 10 762 439
1787065604.3908 864 10 762 439
1787065604.4090 853 10 782 440
1787065604.4292 840 10 830 441
1787065604.4473 827 10 830 441
1787065604.4651 816 10 878 443
1787065604.4841 807 10 878 443
1787065604.5026 799 10 913 444
1787065604.5225 799 10 913 444
1787065604.5409 765 10 981 446
1787065604.5596 765 10 981 446
1787065604.5779 754 10 981 446
1787065604.5969 745 10 1021 447
1787065604.6156 745 10 1021 447
1787065604.6337 739 10 1030 448
1787065604.6523 737 10 1037 448
1787065604.6698 737 10 1037 448
1787065604.6891 736 10 1037 448
1787065604.7078 735 10 1039 448
1787065604.7258 735 10 1040 448
1787065604.7444 735 10 1040 448
1787065604.7650 735 10 1040 448
1787065604.7846 740 10 1030 450
1787065604.8039 740 10 1030 450
1787065604.8230 781 10 948 466
1787065604.8417 812 10 948 466
1787065604.8605 835 10 887 478
1787065604.8789 846 10 841 486
1787065604.8986 857 10 819 491
1787065604.9165 864 10 782 498
1787065604.9359 868 10 774 499
1787065604.9547 868 10 774 499
1787065604.9741 872 10 767 501
1787065604.9930 874 10 767 501
1787065605.0118 875 10 763 501
1787065605.0305 875 10 760 502
1787065605.0499 875 10 760 502
1787065605.0688 875 10 760 502
1787065605.0868 875 10 760 502
1787065605.1051 875 10 760 502
1787065605.1231 875 10 760 502
1787065605.1420 875 10 760 502
1787065605.1597 875 10 760 502
1787065605.1764 875 10 760 502
1787065605.1954 875 10 760 502
1787065605.2141 875 10 760 502
1787065605.2335 875 10 760 502
1787065605.2530 875 10 760 502
1787065605.2711 875 10 760 502
1787065605.2887 875 10 760 502
1787065605.3072 875 10 760 502
1787065605.3255 875 10 760 502
1787065605.3429 875 10 760 502
1787065605.3610 875 10 760 502
1787065605.3783 875 10 760 502
1787065605.3962 875 10 760 502
1787065605.4147 871 10 769 500
1787065605.4338 871 10 769 500
1787065605.4525 864 10 769 500
1787065605.4712 853 10 782 498
1787065605.4901 840 10 830 488
1787065605.5087 807 10 897 476
1787065605.5283 807 10 897 476
1787065605.5467 776 10 949 465
1787065605.5648 759 10 993 457
1787065605.5831 752 10 1007 454
1787065605.6022 752 10 1007 454
1787065605.6232 745 10 1021 452
1787065605.6416 743 10 1021 452
1787065605.6615 773 10 1025 451
1787065605.6802 813 10 884 478
1787065605.6990 813 10 884 478
1787065605.7175 840 10 838 487
1787065605.7364 853 10 804 493
1787065605.7540 860 10 791 496
1787065605.7734 860 10 791 496
1787065605.7920 867 10 779 498
1787065605.8123 871 10 768 500
1787065605.8308 872 10 766 501
1787065605.8502 875 10 761 502
1787065605.8692 875 10 761 502
1787065605.8882 875 10 760 502
1787065605.9082 875 10 760 502
1787065605.9290 875 10 760 502
1787065605.9486 875 10 760 502
1787065605.9665 875 10 760 502
1787065605.9856 875 10 760 502
1787065606.0032 875 10 760 502
1787065606.0217 875 10 760 502
1787065606.0400 875 10 760 502
1787065606.0580 872 10 760 502
1787065606.0754 872 10 762 502
1787065606.0938 866 10 767 501
1787065606.1125 853 10 779 498
1787065606.1310 840 10 830 488
1787065606.1512 840 10 830 488
1787065606.1701 799 10 830 488
1787065606.1883 776 10 959 464
1787065606.2075 765 10 959 464
1787065606.2257 754 10 981 459
1787065606.2451 748 10 1003 455
1787065606.2650 742 10 1026 451
1787065606.2860 739 10 1032 450
1787065606.3041 737 10 1037 449
1787065606.3240 737 10 1037 449
1787065606.3430 735 10 1039 448
1787065606.3624 735 10 1040 448
1787065606.3813 735 10 1040 448
1787065606.4003 735 10 1040 448
1787065606.4191 735 10 1040 448
1787065606.4357 735 10 1040 448
1787065606.4557 735 10 1040 448
1787065606.4731 735 10 1040 448
1787065606.4897 735 10 1040 448
1787065606.5090 735 10 1040 448
1787065606.5268 735 10 1040 448
1787065606.5451 735 10 1040 448
1787065606.5624 735 10 1040 448
1787065606.5806 735 10 1040 448
1787065606.5988 735 10 1040 448
1787065606.6167 735 10 1040 448
1787065606.6349 735 10 1040 448
1787065606.6535 735 10 1040 448
1787065606.6728 735 10 1040 448
1787065606.6911 735 10 1040 448
1787065606.7079 735 10 1040 448
1787065606.7268 735 10 1040 448
1787065606.7450 735 10 1040 448
1787065606.7643 735 10 1040 448
1787065606.7830 735 10 1040 448
1787065606.8006 735 10 1040 448
1787065606.8205 735 10 1040 448
1787065606.8401 735 10 1040 448
1787065606.8587 735 10 1040 448
1787065606.8781 735 10 1040 448
1787065606.8967 735 10 1040 448
1787065606.9146 735 10 1040 448
1787065606.9338 736 10 1040 448
1787065606.9517 740 10 1038 448
1787065606.9690 746 10 1031 448
1787065606.9877 746 10 1018 447
1787065607.0064 794 10 922 444
1787065607.0257 794 10 922 444
1787065607.0448 825 10 861 442
1787065607.0649 839 10 861 442
1787065607.0850 852 10 833 441
1787065607.1019 859 10 807 441
1787065607.1204 866 10 778 440
1787065607.1390 869 10 772 439
1787065607.1577 873 10 765 439
1787065607.1760 874 10 762 439
1787065607.1960 874 10 762 439
1787065607.2160 875 10 760 439
1787065607.2344 875 10 760 439
1787065607.2525 875 10 760 439
1787065607.2719 875 10 760 439
1787065607.2901 875 10 760 453
1787065607.3080 875 10 760 603
1787065607.3256 875 10 760 670
1787065607.3424 875 10 760 670
1787065607.3612 875 10 760 736
1787065607.3804 875 10 760 725
1787065607.4001 875 10 760 736
1787065607.4195 875 10 760 782
1787065607.4383 875 10 760 796
1787065607.4575 875 10 760 810
1787065607.4753 875 10 760 823
1787065607.4947 875 10 760 825
1787065607.5136 875 10 760 825
1787065607.5322 875 10 760 826
1787065607.5506 875 10 760 826
1787065607.5683 875 10 760 826
1787065607.5874 875 10 760 826
1787065607.6059 875 10 760 826
1787065607.6241 875 10 760 826
1787065607.6432 875 10 760 826
1787065607.6626 875 10 760 826
1787065607.6826 875 10 760 826
1787065607.7011 875 10 760 826
1787065607.7184 875 10 760 826
1787065607.7367 875 10 760 826
1787065607.7544 875 10 760 826
1787065607.7728 875 10 760 826
1787065607.7912 875 10 760 826
1787065607.8107 875 10 760 826
1787065607.8303 875 10 760 826
1787065607.8491 875 10 760 826
1787065607.8663 875 10 760 826
1787065607.8844 875 10 760 826
1787065607.9023 875 10 760 826
1787065607.9197 875 10 760 826
1787065607.9389 875 10 760 826
1787065607.9567 875 10 760 826
1787065607.9757 875 10 760 826
1787065607.9939 875 10 760 826
1787065608.0124 875 10 760 826
1787065608.0314 875 10 760 826
1787065608.0484 875 10 760 826
1787065608.0654 875 10 760 826
1787065608.0844 875 10 760 826
1787065608.1025 875 10 760 826
1787065608.1203 875 10 760 826
1787065608.1371 875 10 760 826
1787065608.1560 875 10 760 826
1787065608.1747 875 10 760 826
1787065608.1940 875 10 760 826
1787065608.2134 875 10 760 826
1787065608.2330 875 10 760 826
1787065608.2506 875 10 760 826
1787065608.2696 875 10 760 826
1787065608.2877 875 10 760 826
1787065608.3060 875 10 760 826
1787065608.3248 875 10 760 826
1787065608.3434 875 10 760 826
1787065608.3615 875 10 760 826
1787065608.3798 875 10 760 826
1787065608.3986 875 10 760 826
1787065608.4163 875 10 760 826
1787065608.4344 875 10 760 826
1787065608.4534 875 10 760 826
1787065608.4718 875 10 760 826
1787065608.4896 875 10 760 826
1787065608.5094 875 10 760 826
1787065608.5284 875 10 760 826
1787065608.5466 875 10 760 826
1787065608.5655 875 10 760 826
1787065608.5837 875 10 760 826
1787065608.6018 875 10 760 826
1787065608.6213 875 10 760 826
1787065608.6398 875 10 760 826
1787065608.6568 875 10 760 826
1787065608.6752 875 10 760 826
1787065608.6938 875 10 760 826
1787065608.7126 875 10 760 826
1787065608.7310 875 10 760 826
1787065608.7493 875 10 760 826
1787065608.7679 875 10 760 826
1787065608.7880 875 10 760 826
1787065608.8066 875 10 760 826
1787065608.8254 875 10 760 826
1787065608.8449 875 10 760 826
1787065608.8630 875 10 760 826
1787065608.8819 875 10 760 826
1787065608.9016 875 10 760 826
1787065608.9188 875 10 760 826
1787065608.9360 875 10 760 826
1787065608.9544 875 10 760 826
1787065608.9732 875 10 760 826
1787065608.9929 875 10 760 826
1787065609.0110 875 10 760 826
1787065609.0294 875 10 760 826
1787065609.0489 875 10 760 826
1787065609.0666 875 10 760 826
1787065609.0838 875 10 760 826
1787065609.1019 875 10 760 826
1787065609.1204 875 10 760 826
1787065609.1399 875 10 760 826
1787065609.1576 875 10 760 826
1787065609.1763 875 10 760 826
1787065609.1947 875 10 760 826
1787065609.2126 875 10 760 826
1787065609.2316 875 10 760 826
1787065609.2511 875 10 760 826
1787065609.2690 875 10 760 826
1787065609.2864 875 10 760 826
1787065609.3047 875 10 760 826
1787065609.3217 875 10 760 826
1787065609.3406 875 10 760 826
1787065609.3574 875 10 760 826
1787065609.3757 875 10 760 826
1787065609.3935 875 10 760 826
1787065609.4120 875 10 760 826
1787065609.4304 875 10 760 826
1787065609.4495 875 10 760 826
1787065609.4677 875 10 760 824
1787065609.4876 875 10 760 824
1787065609.5052 875 10 760 818
1787065609.5240 875 10 760 780
1787065609.5433 875 10 760 693
1787065609.5620 875 10 760 693
1787065609.5814 875 10 760 621
1787065609.6000 875 10 760 588
1787065609.6197 875 10 760 557
1787065609.6397 875 10 760 557
1787065609.6592 875 10 760 540
1787065609.6766 875 10 760 524
1787065609.6957 875 10 760 509
1787065609.7152 875 10 760 505
1787065609.7350 875 10 760 502
1787065609.7532 875 10 760 502
1787065609.7705 875 10 760 502
1787065609.7888 875 10 760 502
1787065609.8070 875 10 760 502
1787065609.8260 875 10 760 502
1787065609.8449 875 10 760 502
1787065609.8635 875 10 760 502
1787065609.8808 875 10 760 502
1787065609.8986 875 10 760 502
1787065609.9165 875 10 760 502
1787065609.9354 875 10 760 502
1787065609.9545 875 10 760 502
1787065609.9726 875 10 760 502
1787065609.9905 875 10 760 502
1787065610.0096 875 10 760 502
1787065610.0265 875 10 760 502
1787065610.0457 875 10 760 502
1787065610.0638 875 10 760 502
1787065610.0832 875 10 760 502
1787065610.1010 875 10 760 502
1787065610.1192 875 10 760 502
1787065610.1386 875 10 760 502
1787065610.1568 875 10 760 502
1787065610.1755 875 10 760 502
1787065610.1940 875 10 760 502
1787065610.2114 875 10 760 502
1787065610.2283 875 10 760 502
1787065610.2457 875 10 760 502
1787065610.2641 875 10 760 502
1787065610.2829 875 10 760 502
1787065610.3017 875 10 760 502
1787065610.3199 875 10 760 502
1787065610.3369 875 10 760 502
1787065610.3548 875 10 760 502
1787065610.3738 875 10 760 502
1787065610.3923 875 10 760 502
1787065610.4106 875 10 760 502
1787065610.4280 875 10 760 502
1787065610.4466 875 10 760 502
1787065610.4651 875 10 760 502
1787065610.4844 875 10 760 502
1787065610.5028 875 10 760 502
1787065610.5211 875 10 760 502
1787065610.5383 875 10 760 502
1787065610.5560 875 10 760 502
1787065610.5747 875 10 760 502
1787065610.5927 875 10 760 502
1787065610.6109 875 10 760 502
1787065610.6292 875 10 760 502
1787065610.6492 875 10 760 502
1787065610.6672 875 10 760 502
1787065610.6848 875 10 760 502
1787065610.7036 875 10 760 502
1787065610.7204 875 10 760 502
1787065610.7389 875 10 760 502
1787065610.7576 875 10 760 502
1787065610.7763 875 10 760 502
1787065610.7946 875 10 760 502
1787065610.8125 875 10 760 502
1787065610.8295 875 10 760 502
1787065610.8487 875 10 760 502
1787065610.8675 875 10 760 502
1787065610.8868 875 10 760 502
1787065610.9041 875 10 760 502
1787065610.9209 875 10 760 502
1787065610.9394 875 10 760 502
1787065610.9570 875 10 760 502
1787065610.9757 875 10 760 502
1787065610.9941 875 10 760 502
1787065611.0123 875 10 760 502
1787065611.0312 875 10 760 502
1787065611.0489 875 10 760 502
1787065611.0675 875 10 760 502
1787065611.0862 875 10 760 502
1787065611.1045 875 10 760 502
1787065611.1243 875 10 760 502
1787065611.1455 875 10 760 502
1787065611.1637 875 10 760 502
1787065611.1826 875 10 760 502
1787065611.2014 875 10 760 502
1787065611.2190 875 10 760 502
1787065611.2381 875 10 760 502
1787065611.2563 875 10 760 502
1787065611.2760 875 10 760 502
1787065611.2946 875 10 760 502
1787065611.3129 875 10 760 504
1787065611.3315 875 10 760 504
1787065611.3498 875 10 760 524
1787065611.3682 875 10 760 583
1787065611.3879 875 10 760 613
1787065611.4081 875 10 760 695
1787065611.4269 875 10 760 732
1787065611.4473 875 10 760 732
1787065611.4654 875 10 760 732
1787065611.4844 875 10 760 765
1787065611.5029 875 10 760 788
1787065611.5214 875 10 760 801
1787065611.5399 875 10 760 812
1787065611.5585 875 10 760 823
1787065611.5774 875 10 760 823
1787065611.5959 875 10 760 823
1787065611.6143 875 10 760 826
1787065611.6333 875 10 760 826
1787065611.6504 875 10 760 826
1787065611.6691 875 10 760 826
1787065611.6871 875 10 760 826
1787065611.7038 875 10 760 826
1787065611.7236 875 10 760 826
1787065611.7426 875 10 760 826
1787065611.7604 875 10 760 826
1787065611.7776 875 10 760 826
1787065611.7967 875 10 760 826
1787065611.8155 875 10 760 826
1787065611.8347 875 10 760 826
1787065611.8535 875 10 760 826
1787065611.8716 875 10 760 826
1787065611.8909 875 10 760 826
1787065611.9093 875 10 760 826
1787065611.9289 875 10 760 826
1787065611.9475 875 10 760 826
1787065611.9663 875 10 760 826
1787065611.9839 875 10 760 826
1787065612.0025 875 10 760 826
1787065612.0206 875 10 760 826
1787065612.0398 875 10 760 826
1787065612.0590 875 10 760 826
1787065612.0765 875 10 760 826
1787065612.0949 875 10 760 826
1787065612.1122 875 10 760 826
1787065612.1314 875 10 760 826
1787065612.1499 875 10 760 826
1787065612.1671 875 10 760 826
1787065612.1844 875 10 760 826
1787065612.2021 875 10 760 826
1787065612.2187 875 10 760 826
1787065612.2371 875 10 760 826
1787065612.2553 875 10 760 826
1787065612.2735 875 10 760 826
1787065612.2933 875 10 760 826
1787065612.3113 875 10 760 826
1787065612.3298 875 10 760 826
1787065612.3478 875 10 760 826
1787065612.3660 875 10 760 826
1787065612.3843 875 10 760 826
1787065612.4029 875 10 760 826
1787065612.4221 875 10 760 826
1787065612.4414 875 10 760 826
1787065612.4601 875 10 760 826
1787065612.4774 875 10 760 826
1787065612.4959 875 10 760 826
1787065612.5147 875 10 760 826
1787065612.5324 875 10 760 826
1787065612.5520 875 10 760 826
1787065612.5705 875 10 760 826
1787065612.5892 875 10 760 826
1787065612.6068 875 10 760 826
1787065612.6266 875 10 760 824
1787065612.6449 875 10 760 824
1787065612.6623 875 10 760 824
1787065612.6803 875 10 760 818
1787065612.6984 875 10 760 804
1787065612.7184 875 10 760 671
1787065612.7375 875 10 760 621
1787065612.7551 875 10 760 621
1787065612.7717 875 10 760 621
1787065612.7920 875 10 760 579
1787065612.8097 875 10 760 551
1787065612.8294 875 10 760 521
1787065612.8480 875 10 760 514
1787065612.8664 875 10 760 514
1787065612.8845 875 10 760 507
1787065612.9028 875 10 760 507
1787065612.9219 875 10 760 502
1787065612.9411 875 10 760 502
1787065612.9610 875 10 760 502
1787065612.9804 875 10 760 502
1787065612.9988 875 10 760 502
1787065613.0175 875 10 760 502
1787065613.0357 875 10 760 502
1787065613.0546 875 10 760 502
1787065613.0721 875 10 760 502
1787065613.0907 875 10 760 502
1787065613.1098 875 10 760 502
1787065613.1301 875 10 760 502
1787065613.1476 875 10 760 502
1787065613.1664 875 10 760 502
1787065613.1854 875 10 760 502
1787065613.2041 875 10 760 502
1787065613.2220 875 10 760 502
1787065613.2405 875 10 760 502
1787065613.2595 875 10 760 502
1787065613.2780 875 10 760 502
1787065613.2953 875 10 760 502
1787065613.3156 875 10 760 502
1787065613.3336 875 10 760 502
1787065613.3523 875 10 760 502
1787065613.3716 875 10 760 502
1787065613.3906 875 10 760 502
1787065613.4093 875 10 760 502
1787065613.4280 875 10 760 502
1787065613.4466 875 10 760 502
1787065613.4654 875 10 760 502
1787065613.4834 875 10 760 502
1787065613.5018 875 10 760 502
1787065613.5197 875 10 760 502
1787065613.5382 875 10 760 502
1787065613.5569 875 10 760 502
1787065613.5752 875 10 760 502
1787065613.5940 875 10 760 502
1787065613.6124 875 10 760 502
1787065613.6314 875 10 760 502
1787065613.6506 875 10 760 502
1787065613.6693 875 10 760 502
1787065613.6876 875 10 760 502
1787065613.7070 875 10 760 502
1787065613.7255 875 10 760 502
1787065613.7447 875 10 760 502
1787065613.7632 875 10 760 502
1787065613.7814 875 10 760 502
1787065613.7985 875 10 760 502
1787065613.8179 875 10 760 502
1787065613.8362 875 10 760 502
1787065613.8544 875 10 760 502
1787065613.8733 875 10 760 502
1787065613.8932 875 10 760 502
1787065613.9123 875 10 760 502
1787065613.9316 875 10 760 502
1787065613.9500 875 10 760 502
1787065613.9680 875 10 760 502
1787065613.9864 875 10 760 502
1787065614.0058 875 10 760 502
1787065614.0257 875 10 760 502
1787065614.0439 875 10 760 510
1787065614.0619 875 10 760 510
1787065614.0791 875 10 760 524
1787065614.0975 875 10 760 524
1787065614.1146 875 10 760 548
1787065614.1340 875 10 760 707
1787065614.1520 875 10 760 749
1787065614.1704 875 10 760 771
1787065614.1894 875 10 760 771
1787065614.2081 875 10 760 792
1787065614.2266 875 10 760 792
1787065614.2448 875 10 760 804
1787065614.2650 875 10 760 814
1787065614.2839 875 10 760 824
1787065614.3015 875 10 760 824
1787065614.3207 875 10 760 826
1787065614.3391 875 10 760 826
1787065614.3572 875 10 760 826
1787065614.3766 875 10 760 826
1787065614.3955 875 10 760 826
1787065614.4139 875 10 760 826
1787065614.4334 875 10 760 826
1787065614.4523 875 10 760 826
1787065614.4707 875 10 760 826
1787065614.4889 875 10 760 826
1787065614.5074 875 10 760 826
1787065614.5254 875 10 760 826
1787065614.5435 875 10 760 826
1787065614.5621 875 10 760 826
1787065614.5811 875 10 760 826
1787065614.5999 875 10 760 826
1787065614.6178 875 10 760 826
1787065614.6375 875 10 760 826
1787065614.6563 875 10 760 826
1787065614.6755 875 10 760 826
1787065614.6930 875 10 760 826
1787065614.7116 875 10 760 826
1787065614.7300 875 10 760 826
1787065614.7477 875 10 760 826
1787065614.7658 875 10 760 826
1787065614.7845 875 10 760 826
1787065614.8027 875 10 760 826
1787065614.8225 875 10 760 826
1787065614.8429 875 10 760 826
1787065614.8613 875 10 760 826
1787065614.8801 875 10 760 826
1787065614.8984 875 10 760 826
1787065614.9166 875 10 760 826
1787065614.9344 875 10 760 826
1787065614.9539 875 10 760 826
1787065614.9721 875 10 760 826
1787065614.9893 875 10 760 826
1787065615.0078 875 10 760 824
1787065615.0260 875 10 760 824
1787065615.0458 875 10 760 818
1787065615.0649 875 10 760 804
1787065615.0821 875 10 760 804
1787065615.1024 875 10 760 780
1787065615.1224 875 10 760 750
1787065615.1405 875 10 760 671
1787065615.1594 875 10 760 609
1787065615.1772 875 10 760 551
1787065615.1957 875 10 760 536
1787065615.2131 875 10 760 536
1787065615.2313 875 10 760 521
1787065615.2495 875 10 760 521
1787065615.2687 875 10 760 514
1787065615.2868 875 10 760 507
1787065615.3072 875 10 760 502
1787065615.3246 875 10 760 502
1787065615.3418 875 10 760 502
1787065615.3591 875 10 760 502
1787065615.3770 875 10 760 502
1787065615.3967 875 10 760 502
1787065615.4142 875 10 760 502
1787065615.4324 875 10 760 502
1787065615.4510 875 10 760 502
1787065615.4691 875 10 760 502
1787065615.4863 875 10 760 502
1787065615.5043 875 10 760 502
1787065615.5229 875 10 760 502
1787065615.5422 875 10 760 502
1787065615.5597 875 10 760 502
1787065615.5785 875 10 760 502
1787065615.5963 875 10 760 502
1787065615.6155 875 10 760 502
1787065615.6345 875 10 760 502
1787065615.6534 875 10 760 502
1787065615.6717 875 10 760 502
1787065615.6906 875 10 760 502
1787065615.7076 875 10 760 502
1787065615.7256 875 10 760 502
1787065615.7449 875 10 760 502
1787065615.7626 875 10 760 502
1787065615.7803 875 10 760 502
1787065615.7994 875 10 760 502
1787065615.8174 875 10 760 502
1787065615.8367 875 10 760 502
1787065615.8554 875 10 760 502
1787065615.8756 875 10 760 502
1787065615.8940 875 10 760 502
1787065615.9122 875 10 760 502
1787065615.9297 875 10 760 502
1787065615.9471 875 10 760 502
1787065615.9652 875 10 760 502
1787065615.9829 875 10 760 502
1787065616.0019 875 10 760 502
1787065616.0199 875 10 760 502
1787065616.0388 875 10 760 502
1787065616.0586 875 10 760 502
1787065616.0780 875 10 760 502
1787065616.0956 875 10 760 502
1787065616.1132 875 10 760 502
1787065616.1306 875 10 760 502
1787065616.1497 875 10 760 502
1787065616.1683 875 10 760 502
1787065616.1877 875 10 760 502
1787065616.2063 875 10 760 502
1787065616.2234 875 10 760 502
1787065616.2407 875 10 760 502
1787065616.2588 875 10 760 502
1787065616.2773 875 10 760 502
1787065616.2962 875 10 760 502
1787065616.3159 875 10 760 502
1787065616.3341 875 10 760 502
1787065616.3538 875 10 760 504
1787065616.3725 875 10 760 504
1787065616.3909 875 10 760 504
1787065616.4093 875 10 760 510
1787065616.4280 875 10 760 524
1787065616.4468 875 10 760 693
1787065616.4662 875 10 760 730
1787065616.4843 875 10 760 730
1787065616.5019 875 10 760 764
1787065616.5208 875 10 760 764
1787065616.5391 875 10 760 800
1787065616.5588 875 10 760 800
1787065616.5789 875 10 760 809
1787065616.5979 875 10 760 818
1787065616.6166 875 10 760 825
1787065616.6351 875 10 760 826
1787065616.6534 875 10 760 826
1787065616.6724 875 10 760 826
1787065616.6913 875 10 760 826
1787065616.7085 875 10 760 826
1787065616.7271 875 10 760 826
1787065616.7455 875 10 760 826
1787065616.7647 875 10 760 826
1787065616.7842 875 10 760 826
1787065616.8035 875 10 760 826
1787065616.8229 875 10 760 826
1787065616.8420 875 10 760 826
1787065616.8608 875 10 760 826
1787065616.8793 875 10 760 826
1787065616.8982 875 10 760 826
1787065616.9160 875 10 760 826
1787065616.9347 875 10 760 826
1787065616.9524 875 10 760 826
1787065616.9716 875 10 760 826
1787065616.9892 875 10 760 826
1787065617.0067 875 10 760 826
1787065617.0244 875 10 760 826
1787065617.0437 875 10 760 826
1787065617.0614 875 10 760 826
1787065617.0806 875 10 760 826
1787065617.0985 875 10 760 826
1787065617.1174 875 10 760 826
1787065617.1365 875 10 760 826
1787065617.1551 875 10 760 826
1787065617.1740 875 10 760 826
1787065617.1919 875 10 760 826
1787065617.2102 875 10 760 824
1787065617.2273 875 10 760 824
1787065617.2457 875 10 760 804
1787065617.2643 875 10 760 745
1787065617.2813 875 10 760 715
1787065617.2981 875 10 760 715
1787065617.3162 875 10 760 633
1787065617.3329 875 10 760 633
1787065617.3516 875 10 760 563
1787065617.3692 875 10 760 563
1787065617.3860 875 10 760 544
1787065617.4032 875 10 760 527
1787065617.4222 875 10 760 527
1787065617.4405 875 10 760 518
1787065617.4605 875 10 760 510
1787065617.4797 875 10 760 505
1787065617.4976 875 10 760 503
1787065617.5162 875 10 760 502
1787065617.5348 875 10 760 502
1787065617.5533 875 10 760 502
1787065617.5723 875 10 760 502
1787065617.5905 875 10 760 502
1787065617.6075 875 10 760 502
1787065617.6262 875 10 760 502
1787065617.6449 875 10 760 502
1787065617.6631 875 10 760 502
1787065617.6802 875 10 760 502
1787065617.6986 875 10 760 502
1787065617.7153 875 10 760 502
1787065617.7343 875 10 760 502
1787065617.7521 875 10 760 502
1787065617.7688 875 10 760 502
1787065617.7873 875 10 760 502
1787065617.8055 875 10 760 502
1787065617.8248 875 10 760 502
1787065617.8443 875 10 760 502
1787065617.8636 875 10 760 502
1787065617.8814 875 10 760 502
1787065617.8999 875 10 760 502
1787065617.9168 875 10 760 502
1787065617.9360 875 10 760 502
1787065617.9553 875 10 760 502
1787065617.9731 875 10 760 502
1787065617.9913 875 10 760 502
1787065618.0093 875 10 760 502
1787065618.0267 875 10 760 502
1787065618.0454 875 10 760 502
1787065618.0630 875 10 760 502
1787065618.0815 875 10 760 502
1787065618.0997 875 10 760 502
1787065618.1194 875 10 760 502
1787065618.1365 875 10 760 502
1787065618.1548 875 10 760 502
1787065618.1739 875 10 760 502
1787065618.1941 875 10 760 502
1787065618.2126 875 10 760 502
1787065618.2308 875 10 760 502
1787065618.2489 875 10 760 502
1787065618.2690 875 10 760 502
1787065618.2879 875 10 760 502
1787065618.3049 875 10 760 502
1787065618.3240 875 10 760 502
1787065618.3428 875 10 760 502
1787065618.3619 875 10 760 502
1787065618.3797 875 10 760 502
1787065618.3987 875 10 760 502
1787065618.4193 875 10 760 502
1787065618.4375 875 10 760 502
1787065618.4566 875 10 760 502
1787065618.4749 875 10 760 502
1787065618.4944 875 10 760 502
1787065618.5123 875 10 760 502
1787065618.5307 875 10 760 502
1787065618.5498 875 10 760 502
1787065618.5683 875 10 760 502
1787065618.5875 875 10 760 502
1787065618.6069 875 10 760 502
1787065618.6257 875 10 760 502
1787065618.6437 875 10 760 502
1787065618.6605 875 10 760 502
1787065618.6782 875 10 760 502
1787065618.6962 875 10 760 502
1787065618.7152 875 10 760 502
1787065618.7329 875 10 760 502
1787065618.7514 875 10 760 502
1787065618.7703 875 10 760 502
1787065618.7900 875 10 760 502
1787065618.8085 875 10 760 502
1787065618.8274 875 10 760 502
1787065618.8455 875 10 760 502
1787065618.8645 875 10 760 502
1787065618.8827 875 10 760 502
1787065618.9010 875 10 760 502
1787065618.9197 875 10 760 502
1787065618.9375 875 10 760 502
1787065618.9561 875 10 760 502
1787065618.9734 875 10 760 502
1787065618.9920 875 10 760 502
1787065619.0087 875 10 760 502
1787065619.0258 875 10 760 502
1787065619.0441 875 10 760 502
1787065619.0623 875 10 760 502
1787065619.0811 875 10 760 502
1787065619.0996 875 10 760 502
1787065619.1179 875 10 760 502
1787065619.1371 875 10 760 502
1787065619.1543 875 10 760 502
1787065619.1733 875 10 760 502
1787065619.1916 875 10 760 502
1787065619.2107 875 10 760 502
1787065619.2277 875 10 760 502
1787065619.2462 875 10 760 502
1787065619.2646 875 10 760 502
1787065619.2843 875 10 760 502
1787065619.3028 875 10 760 502
1787065619.3209 875 10 760 502
1787065619.3398 875 10 760 502
1787065619.3595 875 10 760 502
1787065619.3797 875 10 760 502
1787065619.3965 875 10 760 502
1787065619.4157 875 10 760 502
1787065619.4346 875 10 760 502
1787065619.4531 875 10 760 502
1787065619.4700 875 10 760 502
1787065619.4887 875 10 760 502
1787065619.5076 875 10 760 502
1787065619.5272 875 10 760 502
1787065619.5469 875 10 760 502
1787065619.5662 875 10 760 502
1787065619.5850 875 10 760 502
1787065619.6035 875 10 760 502
1787065619.6202 875 10 760 502
1787065619.6396 875 10 760 502
1787065619.6584 875 10 760 502
1787065619.6770 875 10 760 502
1787065619.6941 875 10 760 502
1787065619.7110 875 10 760 502
1787065619.7290 875 10 760 502
1787065619.7465 875 10 760 502
1787065619.7656 875 10 760 502
1787065619.7834 875 10 760 502
1787065619.8010 875 10 760 502
1787065619.8187 875 10 760 502
1787065619.8380 875 10 760 502
1787065619.8577 875 10 760 502
1787065619.8763 875 10 760 502
1787065619.8950 875 10 760 502
1787065619.9120 875 10 760 502
1787065619.9287 875 10 760 502
1787065619.9466 875 10 760 502
1787065619.9656 875 10 760 502
1787065619.9839 875 10 760 502
1787065620.0023 875 10 760 502
1787065620.0218 875 10 760 502
1787065620.0405 875 10 760 502
1787065620.0599 875 10 760 502
1787065620.0788 875 10 760 502
1787065620.0977 875 10 760 502
1787065620.1173 875 10 760 502
1787065620.1355 875 10 760 502
1787065620.1534 875 10 760 502
1787065620.1715 875 10 760 502
1787065620.1898 875 10 760 502
1787065620.2071 875 10 760 502
1787065620.2255 875 10 760 502
1787065620.2443 875 10 760 502
1787065620.2619 875 10 760 502
1787065620.2797 875 10 760 502
1787065620.2965 875 10 760 502
1787065620.3147 875 10 760 502
1787065620.3315 875 10 760 502
1787065620.3497 875 10 760 502
1787065620.3707 875 10 760 502
1787065620.3916 875 10 760 502
1787065620.4124 875 10 760 498
1787065620.4322 875 10 760 493
1787065620.4499 875 10 760 493
1787065620.4675 875 10 760 487
1787065620.4874 875 10 760 487
1787065620.5073 875 10 760 472
1787065620.5262 875 10 760 460
1787065620.5449 875 10 760 449
1787065620.5627 875 10 760 449
1787065620.5834 875 10 760 448
1787065620.6028 875 10 760 444
1787065620.6207 875 10 760 442
1787065620.6394 875 10 760 441
1787065620.6577 875 10 760 439
1787065620.6761 875 10 760 439
1787065620.6946 875 10 760 439
1787065620.7128 875 10 760 439
1787065620.7316 875 10 760 439
1787065620.7497 875 10 760 439
1787065620.7678 875 10 760 439
1787065620.7868 875 10 760 439
1787065620.8046 875 10 760 439
1787065620.8217 875 10 760 439
1787065620.8402 875 10 760 439
1787065620.8591 875 10 760 439
1787065620.8785 875 10 760 439
1787065620.8975 875 10 760 439
1787065620.9146 875 10 760 439
1787065620.9335 875 10 760 439
1787065620.9529 875 10 760 439
1787065620.9722 875 10 760 439
1787065620.9911 875 10 760 439
1787065621.0091 875 10 760 439
1787065621.0278 875 10 760 439
1787065621.0450 875 10 760 439
1787065621.0638 875 10 760 439
1787065621.0825 875 10 760 439
1787065621.1018 875 10 760 439
1787065621.1231 875 10 760 439
1787065621.1441 875 10 760 439
1787065621.1626 875 10 760 439
1787065621.1807 875 10 760 439
1787065621.1987 875 10 760 439
1787065621.2193 875 10 760 439
1787065621.2374 875 10 760 439
1787065621.2564 875 10 760 439
1787065621.2750 875 10 760 439
1787065621.2935 875 10 760 439
1787065621.3117 875 10 760 439
1787065621.3303 875 10 760 439
1787065621.3487 875 10 760 439
1787065621.3664 875 10 760 439
1787065621.3831 875 10 760 439
1787065621.4016 875 10 760 439
1787065621.4206 875 10 760 439
1787065621.4404 875 10 760 439
1787065621.4581 875 10 760 439
1787065621.4762 875 10 760 443
1787065621.4950 875 10 760 443
1787065621.5123 875 10 760 454
1787065621.5310 875 10 760 465
1787065621.5495 875 10 760 465
1787065621.5685 875 10 760 469
1787065621.5859 875 10 760 469
1787065621.6042 875 10 760 479
1787065621.6225 875 10 760 492
1787065621.6416 875 10 760 492
1787065621.6589 875 10 760 498
1787065621.6776 875 10 760 497
1787065621.6949 875 10 760 500
1787065621.7131 875 10 760 501
1787065621.7306 875 10 760 501
1787065621.7498 875 10 760 501
1787065621.7680 875 10 760 502
1787065621.7872 875 10 760 502
1787065621.8058 875 10 760 502
1787065621.8242 875 10 760 502
1787065621.8431 875 10 760 502
1787065621.8609 875 10 760 502
1787065621.8800 875 10 760 502
1787065621.8983 875 10 760 502
1787065621.9179 875 10 760 502
1787065621.9379 875 10 760 502
1787065621.9569 875 10 760 502
1787065621.9765 875 10 760 502
1787065621.9962 875 10 760 502
1787065622.0148 875 10 760 502
1787065622.0332 875 10 760 502
1787065622.0508 875 10 760 502
1787065622.0697 875 10 760 502
1787065622.0885 875 10 760 502
1787065622.1070 875 10 760 502
1787065622.1256 875 10 760 502
1787065622.1440 875 10 760 502
1787065622.1626 875 10 760 502
1787065622.1825 875 10 760 502
1787065622.2008 875 10 760 502
1787065622.2194 875 10 760 502
1787065622.2385 875 10 760 502
1787065622.2571 875 10 760 502
1787065622.2755 875 10 760 502
1787065622.2939 875 10 760 502
1787065622.3127 875 10 760 502
1787065622.3303 875 10 760 502
1787065622.3478 875 10 760 502
1787065622.3661 875 10 760 502
1787065622.3856 875 10 760 502
1787065622.4055 875 10 760 502
1787065622.4256 875 10 760 502
1787065622.4443 875 10 760 502
1787065622.4635 875 10 760 502
1787065622.4825 875 10 760 502
1787065622.5011 875 10 760 502
1787065622.5188 875 10 760 502
1787065622.5355 875 10 760 502
1787065622.5548 875 10 760 502
1787065622.5731 875 10 760 502
1787065622.5920 875 10 760 502
1787065622.6103 875 10 760 502
1787065622.6297 875 10 760 502
1787065622.6486 875 10 760 502
1787065622.6685 875 10 760 502
1787065622.6858 875 10 760 502
1787065622.7041 875 10 760 502
1787065622.7238 875 10 760 502
1787065622.7423 875 10 760 502
1787065622.7598 875 10 760 502
1787065622.7787 875 10 760 502
1787065622.7975 875 10 760 502
1787065622.8174 875 10 760 502
1787065622.8360 875 10 760 500
1787065622.8551 875 10 760 498
1787065622.8750 875 10 760 498
1787065622.8947 875 10 760 493
1787065622.9131 875 10 760 487
1787065622.9303 875 10 760 487
1787065622.9486 875 10 760 472
1787065622.9680 875 10 760 460
1787065622.9883 875 10 760 460
1787065623.0081 875 10 760 450
1787065623.0255 875 10 760 446
1787065623.0438 875 10 760 443
1787065623.0637 875 10 760 440
1787065623.0829 875 10 760 440
1787065623.1024 875 10 760 440
1787065623.1226 875 10 760 439
1787065623.1419 875 10 760 439
1787065623.1611 875 10 760 439
1787065623.1796 875 10 760 439
1787065623.1990 875 10 760 439
1787065623.2181 875 10 760 439
1787065623.2380 875 10 760 439
1787065623.2580 875 10 760 439
1787065623.2762 875 10 760 439
1787065623.2930 875 10 760 439
1787065623.3103 875 10 760 439
1787065623.3288 875 10 760 439
1787065623.3469 875 10 760 439
1787065623.3670 875 10 760 439
1787065623.3852 875 10 760 439
1787065623.4040 875 10 760 439
1787065623.4211 875 10 760 439
1787065623.4403 875 10 760 439
1787065623.4599 875 10 760 439
1787065623.4783 875 10 760 439
1787065623.4977 875 10 760 439
1787065623.5151 875 10 760 439
1787065623.5333 875 10 760 439
1787065623.5513 875 10 760 439
1787065623.5692 875 10 760 439
1787065623.5876 875 10 760 439
1787065623.6070 875 10 760 439
1787065623.6249 875 10 760 439
1787065623.6430 875 10 760 439
1787065623.6610 875 10 760 439
1787065623.6798 875 10 760 439
1787065623.6977 875 10 760 439
1787065623.7166 875 10 760 439
1787065623.7349 875 10 760 439
1787065623.7537 875 10 760 439
1787065623.7720 875 10 760 439
1787065623.7898 875 10 760 439
1787065623.8079 875 10 760 439
1787065623.8258 875 10 760 439
1787065623.8443 875 10 760 439
1787065623.8620 875 10 760 443
1787065623.8804 875 10 760 441
1787065623.8982 875 10 760 448
1787065623.9149 875 10 760 455
1787065623.9324 875 10 760 448
1787065623.9493 875 10 760 455
1787065623.9673 875 10 760 461
1787065623.9863 875 10 760 484
1787065624.0033 875 10 760 484
1787065624.0203 875 10 760 484
1787065624.0394 875 10 760 490
1787065624.0592 875 10 760 498
1787065624.0779 875 10 760 499
1787065624.0967 875 10 760 499
1787065624.1156 875 10 760 501
1787065624.1359 875 10 760 501
1787065624.1552 875 10 760 502
1787065624.1731 875 10 760 502
1787065624.1917 875 10 760 502
1787065624.2102 875 10 760 502
1787065624.2293 875 10 760 502
1787065624.2480 875 10 760 502
1787065624.2675 875 10 760 502
1787065624.2861 875 10 760 502
1787065624.3052 875 10 760 502
1787065624.3224 875 10 760 502
1787065624.3405 875 10 760 502
1787065624.3587 875 10 760 502
1787065624.3754 875 10 760 502
1787065624.3924 875 10 760 502
1787065624.4112 875 10 760 502
1787065624.4303 875 10 760 502
1787065624.4490 875 10 760 502
1787065624.4682 875 10 760 502
1787065624.4867 875 10 760 502
1787065624.5067 875 10 760 502
1787065624.5243 875 10 760 502
1787065624.5429 875 10 760 502
1787065624.5619 875 10 760 502
1787065624.5799 875 10 760 502
1787065624.5983 875 10 760 502
1787065624.6164 875 10 760 502
1787065624.6346 875 10 760 502
1787065624.6521 875 10 760 502
1787065624.6687 875 10 760 502
1787065624.6855 875 10 760 502
1787065624.7038 875 10 760 502
1787065624.7213 875 10 760 502
1787065624.7391 875 10 760 502
1787065624.7580 875 10 760 502
1787065624.7746 875 10 760 502
1787065624.7927 875 10 760 502
1787065624.8115 875 10 760 502
1787065624.8308 875 10 760 502
1787065624.8489 875 10 760 502
1787065624.8687 875 10 760 502
1787065624.8875 875 10 760 502
1787065624.9053 875 10 760 502
1787065624.9255 875 10 760 502
1787065624.9447 875 10 760 502
1787065624.9637 875 10 760 502
1787065624.9824 875 10 760 502
1787065625.0006 875 10 760 502
1787065625.0198 875 10 760 502
1787065625.0385 875 10 760 502
1787065625.0570 875 10 760 502
1787065625.0748 875 10 760 502
1787065625.0938 875 10 760 502
1787065625.1139 875 10 760 502
1787065625.1332 866 10 779 498
1787065625.1535 855 10 800 494
1787065625.1725 855 10 800 494
1787065625.1919 842 10 800 494
1787065625.2129 829 10 826 489
1787065625.2323 793 10 852 484
1787065625.2505 777 10 925 470
1787065625.2699 762 10 987 458
1787065625.2879 754 10 1002 455
1787065625.3082 754 10 1002 455
1787065625.3285 746 10 1002 455
1787065625.3466 741 10 1018 452
1787065625.3647 738 10 1028 450
1787065625.3827 737 10 1034 449
1787065625.4027 735 10 1040 448
1787065625.4202 735 10 1040 448
1787065625.4390 735 10 1040 448
1787065625.4575 735 10 1040 448
1787065625.4763 735 10 1040 448
1787065625.4951 735 10 1040 448
1787065625.5131 735 10 1040 448
1787065625.5325 735 10 1040 448
1787065625.5510 735 10 1040 448
1787065625.5705 735 10 1040 448
1787065625.5891 735 10 1040 448
1787065625.6078 735 10 1040 448
1787065625.6262 735 10 1040 448
1787065625.6449 735 10 1040 448
1787065625.6621 735 10 1040 448
1787065625.6806 735 10 1040 448
1787065625.6994 735 10 1040 448
1787065625.7174 735 10 1040 448
1787065625.7374 735 10 1040 448
1787065625.7549 735 10 1040 448
1787065625.7732 735 10 1040 448
1787065625.7919 735 10 1040 448
1787065625.8093 735 10 1040 448
1787065625.8282 735 10 1040 448
1787065625.8466 735 10 1040 448
1787065625.8661 735 10 1040 448
1787065625.8846 736 10 1038 448
1787065625.9031 757 10 996 456
1787065625.9209 770 10 970 462
1787065625.9396 770 10 996 456
1787065625.9565 783 10 970 462
1787065625.9748 794 10 922 471
1787065625.9925 794 10 922 471
1787065626.0126 830 10 861 482
1787065626.0297 846 10 851 485
1787065626.0493 854 10 802 494
1787065626.0675 863 10 785 497
1787065626.0869 867 10 776 499
1787065626.1057 867 10 776 499
1787065626.1235 871 10 768 500
1787065626.1411 873 10 768 500
1787065626.1579 875 10 764 501
1787065626.1765 875 10 761 502
1787065626.1939 875 10 760 502
1787065626.2127 875 10 760 502
1787065626.2305 875 10 760 502
1787065626.2487 875 10 760 502
1787065626.2677 875 10 760 502
1787065626.2857 875 10 760 502
1787065626.3041 875 10 760 502
1787065626.3218 875 10 760 502
1787065626.3401 875 10 760 502
1787065626.3602 875 10 760 502
1787065626.3800 875 10 760 502
1787065626.3993 875 10 760 502
1787065626.4170 875 10 760 502
1787065626.4340 875 10 760 502
1787065626.4528 875 10 760 502
1787065626.4705 875 10 760 502
1787065626.4881 875 10 760 502
1787065626.5066 875 10 760 502
1787065626.5251 875 10 760 502
1787065626.5452 875 10 760 502
1787065626.5628 875 10 760 502
1787065626.5809 875 10 760 502
1787065626.6003 875 10 760 502
1787065626.6186 875 10 760 502
1787065626.6355 875 10 760 502
1787065626.6537 875 10 760 502
1787065626.6711 875 10 760 502
1787065626.6880 875 10 760 502
1787065626.7056 875 10 760 502
1787065626.7236 875 10 760 502
1787065626.7409 875 10 760 502
1787065626.7585 875 10 760 502
1787065626.7771 875 10 760 502
1787065626.7956 875 10 760 502
1787065626.8139 875 10 760 502
1787065626.8331 875 10 760 502
1787065626.8524 875 10 760 502
1787065626.8711 875 10 760 502
1787065626.8887 875 10 760 502
1787065626.9071 875 10 760 502
1787065626.9259 875 10 760 502
1787065626.9458 875 10 760 502
1787065626.9630 875 10 760 502
1787065626.9817 875 10 760 502
1787065626.9994 875 10 760 502
1787065627.0185 875 10 760 502
1787065627.0362 875 10 760 502
1787065627.0561 875 10 760 502
1787065627.0762 875 10 760 502
1787065627.0946 875 10 760 502
1787065627.1130 875 10 760 502
1787065627.1325 875 10 760 502
1787065627.1503 875 10 760 502
1787065627.1682 875 10 760 502
1787065627.1864 875 10 760 502
1787065627.2043 875 10 760 502
1787065627.2224 875 10 760 502
1787065627.2392 875 10 760 500
1787065627.2585 875 10 760 500
1787065627.2765 875 10 760 493
1787065627.2951 875 10 760 480
1787065627.3131 875 10 760 475
1787065627.3305 875 10 760 475
1787065627.3488 875 10 760 462
1787065627.3673 875 10 760 462
1787065627.3870 875 10 760 455
1787065627.4061 875 10 760 450
1787065627.4252 875 10 760 446
1787065627.4441 875 10 760 441
1787065627.4634 875 10 760 440
1787065627.4827 875 10 760 440
1787065627.5017 875 10 760 439
1787065627.5196 875 10 760 439
1787065627.5388 875 10 760 439
1787065627.5574 875 10 760 439
1787065627.5761 875 10 760 439
1787065627.5945 875 10 760 439
1787065627.6132 875 10 760 439
1787065627.6325 875 10 760 439
1787065627.6509 875 10 760 439
1787065627.6698 875 10 760 439
1787065627.6884 875 10 760 439
1787065627.7072 875 10 760 439
1787065627.7259 875 10 760 439
1787065627.7443 875 10 760 439
1787065627.7625 875 10 760 439
1787065627.7826 875 10 760 439
1787065627.8004 875 10 760 439
1787065627.8184 875 10 760 439
1787065627.8384 875 10 760 439
1787065627.8567 875 10 760 439
1787065627.8741 875 10 760 439
1787065627.8909 875 10 760 439
1787065627.9089 875 10 760 439
1787065627.9271 875 10 760 439
1787065627.9438 875 10 760 439
1787065627.9619 875 10 760 439
1787065627.9805 875 10 760 439
1787065627.9990 875 10 760 439
1787065628.0167 875 10 760 439
1787065628.0359 875 10 760 439
1787065628.0531 875 10 760 439
1787065628.0711 875 10 760 439
1787065628.0902 875 10 760 439
1787065628.1098 875 10 760 439
1787065628.1285 875 10 760 439
1787065628.1483 875 10 760 439
1787065628.1669 875 10 760 439
1787065628.1869 875 10 760 439
1787065628.2045 875 10 760 439
1787065628.2214 875 10 760 439
1787065628.2405 875 10 760 439
1787065628.2579 875 10 760 439
1787065628.2771 875 10 760 439
1787065628.2952 875 10 760 439
1787065628.3141 875 10 760 439
1787065628.3327 875 10 760 439
1787065628.3510 875 10 760 439
1787065628.3688 875 10 760 439
1787065628.3869 875 10 760 439
1787065628.4053 875 10 760 441
1787065628.4223 875 10 760 441
1787065628.4403 875 10 760 454
1787065628.4603 875 10 760 454
1787065628.4787 875 10 760 465
1787065628.4984 875 10 760 460
1787065628.5159 875 10 760 465
1787065628.5365 875 10 760 488
1787065628.5555 875 10 760 488
1787065628.5746 875 10 760 493
1787065628.5932 875 10 760 497
1787065628.6122 875 10 760 497
1787065628.6321 875 10 760 501
1787065628.6545 875 10 760 501
1787065628.6732 875 10 760 502
1787065628.6925 875 10 760 502
1787065628.7112 875 10 760 502
1787065628.7313 875 10 760 502
1787065628.7506 875 10 760 502
1787065628.7698 875 10 760 502
1787065628.7869 875 10 760 502
1787065628.8052 875 10 760 502
1787065628.8250 875 10 760 502
1787065628.8428 875 10 760 502
1787065628.8617 875 10 760 502
1787065628.8796 875 10 760 502
1787065628.8982 875 10 760 502
1787065628.9163 875 10 760 502
1787065628.9339 875 10 760 502
1787065628.9519 875 10 760 502
1787065628.9710 875 10 760 502
1787065628.9896 875 10 760 502
1787065629.0092 875 10 760 502
1787065629.0287 875 10 760 502
1787065629.0467 875 10 760 502
1787065629.0666 875 10 760 502
1787065629.0856 875 10 760 502
1787065629.1053 875 10 760 502
1787065629.1241 875 10 760 502
1787065629.1433 875 10 760 502
1787065629.1619 875 10 760 502
1787065629.1803 875 10 760 502
1787065629.1997 875 10 760 502
1787065629.2182 875 10 760 502
1787065629.2358 875 10 760 502
1787065629.2542 875 10 760 502
1787065629.2715 875 10 760 502
1787065629.2910 875 10 760 502
1787065629.3090 875 10 760 502
1787065629.3269 875 10 760 502
1787065629.3463 875 10 760 502
1787065629.3634 875 10 760 502
1787065629.3806 875 10 760 502
1787065629.3977 875 10 760 502
1787065629.4165 875 10 760 502
1787065629.4363 875 10 760 502
1787065629.4547 875 10 760 502
1787065629.4734 875 10 760 502
1787065629.4921 875 10 760 502
1787065629.5100 875 10 760 502
1787065629.5277 875 10 760 502
1787065629.5477 875 10 760 502
1787065629.5670 875 10 760 502
1787065629.5853 875 10 760 502
1787065629.6046 875 10 760 502
1787065629.6221 875 10 760 502
1787065629.6396 874 10 762 502
1787065629.6576 853 10 762 502
1787065629.6760 840 10 804 494
1787065629.6943 827 10 856 483
1787065629.7118 816 10 878 479
1787065629.7311 816 10 878 479
1787065629.7496 786 10 939 468
1787065629.7675 772 10 939 468
1787065629.7860 759 10 967 462
1787065629.8035 752 10 993 457
1787065629.8221 745 10 1021 452
1787065629.8409 741 10 1028 450
1787065629.8606 741 10 1028 450
1787065629.8787 737 10 1035 449
1787065629.8975 736 10 1039 448
1787065629.9176 735 10 1039 448
1787065629.9364 735 10 1040 448
1787065629.9560 735 10 1040 448
1787065629.9739 735 10 1040 448
1787065629.9932 735 10 1040 448
1787065630.0109 735 10 1040 448
1787065630.0298 735 10 1040 448
1787065630.0479 735 10 1040 448
1787065630.0667 735 10 1040 448
1787065630.0841 735 10 1040 448
1787065630.1025 735 10 1040 448
1787065630.1205 735 10 1040 448
1787065630.1388 735 10 1040 448
1787065630.1571 735 10 1040 448
1787065630.1762 735 10 1040 448
1787065630.1966 735 10 1040 448
1787065630.2135 735 10 1040 448
1787065630.2319 735 10 1040 448
1787065630.2502 735 10 1040 448
1787065630.2690 735 10 1040 448
1787065630.2875 735 10 1040 448
1787065630.3055 735 10 1040 448
1787065630.3233 735 10 1040 448
1787065630.3417 735 10 1040 448
1787065630.3594 735 10 1040 448
1787065630.3773 735 10 1040 448
1787065630.3950 735 10 1040 448
1787065630.4134 735 10 1040 448
1787065630.4328 735 10 1040 448
1787065630.4518 735 10 1040 448
1787065630.4697 735 10 1040 448
1787065630.4888 735 10 1040 448
1787065630.5078 735 10 1040 448
1787065630.5287 735 10 1040 448
1787065630.5482 735 10 1040 448
1787065630.5672 735 10 1040 448
1787065630.5876 735 10 1040 448
1787065630.6059 735 10 1040 448
1787065630.6245 735 10 1040 448
1787065630.6428 736 10 1038 448
1787065630.6608 745 10 1021 452
1787065630.6787 755 10 1021 452
1787065630.6987 768 10 1000 456
1787065630.7166 781 10 948 466
1787065630.7348 811 10 889 477
1787065630.7538 811 10 889 477
1787065630.7729 834 10 843 486
1787065630.7908 845 10 843 486
1787065630.8102 856 10 820 491
1787065630.8277 863 10 798 495
1787065630.8447 868 10 774 499
1787065630.8630 871 10 769 500
1787065630.8831 871 10 769 500
1787065630.9020 874 10 763 501
1787065630.9200 875 10 763 501
1787065630.9370 875 10 761 502
1787065630.9551 875 10 760 502
1787065630.9738 875 10 760 502
1787065630.9919 875 10 760 502
1787065631.0111 875 10 760 502
1787065631.0292 875 10 760 502
1787065631.0491 875 10 760 502
1787065631.0673 875 10 760 502
1787065631.0865 875 10 760 502
1787065631.1039 875 10 760 502
1787065631.1210 875 10 760 502
1787065631.1381 875 10 760 502
1787065631.1568 875 10 760 502
1787065631.1752 875 10 760 502
1787065631.1936 875 10 760 502
1787065631.2125 875 10 760 502
1787065631.2330 875 10 760 502
1787065631.2504 875 10 760 502
1787065631.2673 875 10 760 502
1787065631.2862 875 10 760 502
1787065631.3047 875 10 760 502
1787065631.3232 875 10 760 502
1787065631.3420 875 10 760 502
1787065631.3599 875 10 760 502
1787065631.3779 875 10 760 502
1787065631.3958 875 10 760 502
1787065631.4150 875 10 760 502
1787065631.4327 875 10 760 502
1787065631.4524 875 10 760 502
1787065631.4721 875 10 760 502
1787065631.4888 875 10 760 502
1787065631.5067 875 10 760 502
1787065631.5252 875 10 760 502
1787065631.5440 875 10 760 502
1787065631.5609 875 10 760 502
1787065631.5792 875 10 760 502
1787065631.5975 875 10 760 502
1787065631.6168 875 10 760 502
1787065631.6356 875 10 760 502
1787065631.6545 875 10 760 502
1787065631.6723 875 10 760 502
1787065631.6909 875 10 760 502
1787065631.7101 875 10 760 502
1787065631.7283 875 10 760 502
1787065631.7462 875 10 760 502
1787065631.7651 875 10 760 502
1787065631.7821 875 10 760 502
1787065631.8012 875 10 760 502
1787065631.8184 875 10 760 504
1787065631.8377 875 10 760 504
1787065631.8556 875 10 760 512
1787065631.8730 875 10 760 528
1787065631.8925 875 10 760 553
1787065631.9103 875 10 760 661
1787065631.9296 875 10 760 743
1787065631.9476 875 10 760 732
1787065631.9667 875 10 760 783
1787065631.9864 875 10 760 797
1787065632.0049 875 10 760 797
1787065632.0248 875 10 760 810
1787065632.0450 875 10 760 816
1787065632.0654 875 10 760 816
1787065632.0846 875 10 760 825
1787065632.1035 875 10 760 826
1787065632.1213 875 10 760 826
1787065632.1404 875 10 760 826
1787065632.1590 875 10 760 826
1787065632.1779 875 10 760 826
1787065632.1959 875 10 760 826
1787065632.2140 875 10 760 826
1787065632.2326 875 10 760 826
1787065632.2500 875 10 760 826
1787065632.2687 875 10 760 826
1787065632.2862 875 10 760 826
1787065632.3065 875 10 760 826
1787065632.3247 875 10 760 826
1787065632.3417 875 10 760 826
1787065632.3610 875 10 760 826
1787065632.3824 875 10 760 826
1787065632.4008 875 10 760 826
1787065632.4196 875 10 760 826
1787065632.4377 875 10 760 826
1787065632.4562 875 10 760 826
1787065632.4753 875 10 760 826
1787065632.4926 875 10 760 826
1787065632.5112 875 10 760 826
1787065632.5315 875 10 760 826
1787065632.5496 875 10 760 826
1787065632.5677 875 10 760 826
1787065632.5868 875 10 760 826
1787065632.6051 875 10 760 826
1787065632.6239 875 10 760 826
1787065632.6424 875 10 760 826
1787065632.6607 875 10 760 826
1787065632.6787 875 10 760 826
1787065632.6968 875 10 760 826
1787065632.7148 875 10 760 826
1787065632.7325 875 10 760 826
1787065632.7506 875 10 760 826
1787065632.7705 875 10 760 826
1787065632.7903 875 10 760 826
1787065632.8073 875 10 760 826
1787065632.8243 875 10 760 824
1787065632.8426 875 10 760 818
1787065632.8621 875 10 760 804
1787065632.8792 875 10 760 750
1787065632.8965 875 10 760 750
1787065632.9134 875 10 760 750
1787065632.9322 875 10 760 598
1787065632.9525 875 10 760 598
1787065632.9715 875 10 760 546
1787065632.9906 875 10 760 546
1787065633.0092 875 10 760 528
1787065633.0284 875 10 760 528
1787065633.0470 875 10 760 519
1787065633.0664 875 10 760 505
1787065633.0842 875 10 760 503
1787065633.1015 875 10 760 503
1787065633.1196 875 10 760 503
1787065633.1395 875 10 760 502
1787065633.1580 875 10 760 502
1787065633.1771 875 10 760 502
1787065633.1963 875 10 760 502
1787065633.2153 875 10 760 502
1787065633.2335 875 10 760 502
1787065633.2516 875 10 760 502
1787065633.2685 875 10 760 502
1787065633.2872 875 10 760 502
1787065633.3047 875 10 760 502
1787065633.3213 875 10 760 502
1787065633.3399 875 10 760 502
1787065633.3590 875 10 760 502
1787065633.3772 875 10 760 502
1787065633.3969 875 10 760 502
1787065633.4154 875 10 760 502
1787065633.4330 875 10 760 502
1787065633.4518 875 10 760 502
1787065633.4705 875 10 760 502
1787065633.4891 875 10 760 502
1787065633.5084 875 10 760 502
1787065633.5274 875 10 760 502
1787065633.5460 875 10 760 502
1787065633.5628 875 10 760 502
1787065633.5818 875 10 760 502
1787065633.6012 875 10 760 502
1787065633.6221 875 10 760 502
1787065633.6409 875 10 760 502
1787065633.6597 875 10 760 502
1787065633.6778 875 10 760 502
1787065633.6972 875 10 760 502
1787065633.7140 875 10 760 502
1787065633.7324 875 10 760 502
1787065633.7509 875 10 760 502
1787065633.7698 875 10 760 502
1787065633.7884 875 10 760 502
1787065633.8066 875 10 760 502
1787065633.8255 875 10 760 502
1787065633.8439 875 10 760 502
1787065633.8633 875 10 760 502
1787065633.8817 875 10 760 502
1787065633.8985 875 10 760 502
1787065633.9169 875 10 760 502
1787065633.9353 875 10 760 502
1787065633.9537 875 10 760 502
1787065633.9717 875 10 760 502
1787065633.9909 875 10 760 502
1787065634.0093 875 10 760 502
1787065634.0272 875 10 760 502
1787065634.0439 875 10 760 502
1787065634.0628 875 10 760 502
1787065634.0823 875 10 760 502
1787065634.1011 875 10 760 502
1787065634.1202 875 10 760 500
1787065634.1407 875 10 760 497
1787065634.1603 875 10 760 486
1787065634.1800 875 10 760 470
1787065634.2007 875 10 760 470
1787065634.2198 875 10 760 459
1787065634.2401 875 10 760 450
1787065634.2599 875 10 760 446
1787065634.2786 875 10 760 446
1787065634.2985 875 10 760 446
1787065634.3182 875 10 760 441
1787065634.3367 875 10 760 441
1787065634.3569 875 10 760 440
1787065634.3756 875 10 760 439
1787065634.3931 875 10 760 439
1787065634.4131 875 10 760 439
1787065634.4316 875 10 760 439
1787065634.4513 875 10 760 439
1787065634.4704 875 10 760 439
1787065634.4893 875 10 760 439
1787065634.5075 875 10 760 439
1787065634.5257 875 10 760 439
1787065634.5439 875 10 760 439
1787065634.5632 875 10 760 439
1787065634.5813 875 10 760 439
1787065634.6003 875 10 760 439
1787065634.6187 875 10 760 439
1787065634.6376 875 10 760 439
1787065634.6565 875 10 760 439
1787065634.6753 875 10 760 439
1787065634.6943 875 10 760 439
1787065634.7120 875 10 760 439
1787065634.7302 875 10 760 439
1787065634.7489 875 10 760 439
1787065634.7680 875 10 760 439
1787065634.7872 875 10 760 439
1787065634.8069 875 10 760 439
1787065634.8262 875 10 760 439
1787065634.8461 875 10 760 439
1787065634.8641 875 10 760 439
1787065634.8837 875 10 760 439
1787065634.9037 875 10 760 439
1787065634.9234 875 10 760 439
1787065634.9424 875 10 760 439
1787065634.9614 875 10 760 439
1787065634.9798 875 10 760 439
1787065634.9977 875 10 760 439
1787065635.0157 875 10 760 439
1787065635.0350 875 10 760 439
1787065635.0540 875 10 760 444
1787065635.0731 875 10 760 444
1787065635.0940 875 10 760 455
1787065635.1122 875 10 760 455
1787065635.1307 875 10 760 455
1787065635.1491 875 10 760 461
1787065635.1678 875 10 760 477
1787065635.1848 875 10 760 490
1787065635.2041 875 10 760 494
1787065635.2228 875 10 760 494
1787065635.2418 875 10 760 497
1787065635.2614 875 10 760 497
1787065635.2802 875 10 760 500
1787065635.2994 875 10 760 500
1787065635.3171 875 10 760 501
1787065635.3351 875 10 760 502
1787065635.3548 875 10 760 502
1787065635.3726 875 10 760 502
1787065635.3917 875 10 760 502
1787065635.4097 875 10 760 502
1787065635.4276 875 10 760 502
1787065635.4466 875 10 760 502
1787065635.4667 875 10 760 502
1787065635.4860 875 10 760 502
1787065635.5041 875 10 760 502
1787065635.5227 875 10 760 502
1787065635.5426 875 10 760 502
1787065635.5608 875 10 760 502
1787065635.5798 875 10 760 502
1787065635.5985 875 10 760 502
1787065635.6160 875 10 760 502
1787065635.6344 875 10 760 502
1787065635.6531 875 10 760 502
1787065635.6722 875 10 760 502
1787065635.6909 875 10 760 502
1787065635.7101 875 10 760 502
1787065635.7286 875 10 760 502
1787065635.7460 875 10 760 502
1787065635.7634 875 10 760 502
1787065635.7822 875 10 760 502
1787065635.7996 875 10 760 502
1787065635.8179 875 10 760 502
1787065635.8362 875 10 760 502
1787065635.8547 875 10 760 502
1787065635.8726 875 10 760 502
1787065635.8915 875 10 760 502
1787065635.9096 875 10 760 502
1787065635.9283 875 10 760 502
1787065635.9454 875 10 760 502
1787065635.9646 875 10 760 502
1787065635.9837 872 10 760 502
1787065636.0022 866 10 767 501
1787065636.0221 855 10 800 494
1787065636.0416 840 10 830 488
1787065636.0601 840 10 830 488
1787065636.0789 816 10 830 488
1787065636.0973 816 10 878 479
1787065636.1148 799 10 897 476
1787065636.1331 799 10 913 472
1787065636.1525 792 10 927 470
1787065636.1723 786 10 927 470
1787065636.1913 781 10 939 468
1787065636.2110 768 10 949 465
1787065636.2316 756 10 998 456
1787065636.2513 750 10 998 456
1787065636.2693 745 10 1011 454
1787065636.2890 740 10 1030 450
1787065636.3086 740 10 1030 450
1787065636.3286 737 10 1031 450
1787065636.3481 736 10 1037 449
1787065636.3668 735 10 1039 448
1787065636.3860 735 10 1040 448
1787065636.4048 735 10 1040 448
1787065636.4227 735 10 1040 448
1787065636.4415 735 10 1040 448
1787065636.4606 735 10 1040 448
1787065636.4804 735 10 1040 448
1787065636.4994 735 10 1040 448
1787065636.5191 735 10 1040 448
1787065636.5361 735 10 1040 448
1787065636.5541 735 10 1040 448
1787065636.5732 735 10 1040 448
1787065636.5919 735 10 1040 448
1787065636.6105 735 10 1040 448
1787065636.6293 735 10 1040 448
1787065636.6468 735 10 1040 448
1787065636.6642 735 10 1040 448
1787065636.6819 736 10 1038 448
1787065636.6988 736 10 1038 448
1787065636.7181 739 10 1038 448
1787065636.7385 745 10 1033 449
1787065636.7575 755 10 1000 456
1787065636.7761 799 10 912 473
1787065636.7947 799 10 912 473
1787065636.8135 832 10 856 484
1787065636.8329 848 10 814 492
1787065636.8522 856 10 799 495
1787065636.8718 856 10 799 495
1787065636.8899 865 10 783 498
1787065636.9073 870 10 771 500
1787065636.9249 872 10 766 501
1787065636.9431 872 10 766 501
1787065636.9621 874 10 762 502
1787065636.9817 875 10 762 502
1787065637.0008 875 10 760 502
1787065637.0208 875 10 760 502
1787065637.0403 875 10 760 502
1787065637.0581 875 10 760 502
1787065637.0779 875 10 760 502
1787065637.0971 875 10 760 502
1787065637.1161 875 10 760 502
1787065637.1345 875 10 760 502
1787065637.1534 875 10 760 502
1787065637.1721 875 10 760 502
1787065637.1895 875 10 760 502
1787065637.2083 875 10 760 502
1787065637.2251 875 10 760 502
1787065637.2418 875 10 760 502
1787065637.2599 875 10 760 502
1787065637.2777 875 10 760 502
1787065637.2960 875 10 760 502
1787065637.3157 875 10 760 502
1787065637.3342 875 10 760 502
1787065637.3522 875 10 760 502
1787065637.3717 875 10 760 502
1787065637.3908 875 10 760 502
1787065637.4083 875 10 760 502
1787065637.4269 875 10 760 502
1787065637.4454 875 10 760 502
1787065637.4633 875 10 760 502
1787065637.4816 875 10 760 502
1787065637.4997 875 10 760 502
1787065637.5176 875 10 760 502
1787065637.5368 875 10 760 502
1787065637.5550 875 10 760 502
1787065637.5743 875 10 760 502
1787065637.5918 875 10 760 502
1787065637.6100 875 10 760 502
1787065637.6284 875 10 760 502
1787065637.6472 875 10 760 502
1787065637.6663 875 10 760 502
1787065637.6845 875 10 760 502
1787065637.7034 875 10 760 502
1787065637.7219 875 10 760 502
1787065637.7410 875 10 760 502
1787065637.7589 875 10 760 502
1787065637.7776 875 10 760 502
1787065637.7965 875 10 760 502
1787065637.8145 875 10 760 502
1787065637.8342 875 10 760 502
1787065637.8519 875 10 760 502
1787065637.8706 875 10 760 502
1787065637.8903 875 10 760 502
1787065637.9105 875 10 760 502
1787065637.9300 875 10 760 502
1787065637.9485 875 10 760 502
1787065637.9666 875 10 760 502
1787065637.9850 875 10 760 502
1787065638.0028 875 10 760 502
1787065638.0219 875 10 760 502
1787065638.0397 875 10 760 502
1787065638.0569 875 10 760 502
1787065638.0757 875 10 760 502
1787065638.0935 875 10 760 502
1787065638.1113 875 10 760 502
1787065638.1292 875 10 760 502
1787065638.1481 875 10 760 502
1787065638.1673 875 10 760 502
1787065638.1853 875 10 760 502
1787065638.2046 875 10 760 502
1787065638.2223 875 10 760 502
1787065638.2412 875 10 760 502
1787065638.2596 875 10 760 502
1787065638.2773 875 10 760 502
1787065638.2956 875 10 760 502
1787065638.3145 875 10 760 502
1787065638.3335 875 10 760 502
1787065638.3523 875 10 760 502
1787065638.3712 875 10 760 502
1787065638.3889 875 10 760 502
1787065638.4074 875 10 760 502
1787065638.4257 875 10 760 502
1787065638.4432 875 10 760 502
1787065638.4625 875 10 760 502
1787065638.4810 875 10 760 502
1787065638.4987 875 10 760 502
1787065638.5174 875 10 760 502
1787065638.5369 875 10 760 502
1787065638.5551 875 10 760 502
1787065638.5724 875 10 760 502
1787065638.5904 875 10 760 502
1787065638.6082 875 10 760 502
1787065638.6264 875 10 760 502
1787065638.6448 875 10 760 502
1787065638.6639 875 10 760 502
1787065638.6817 875 10 760 502
1787065638.7000 875 10 760 502
1787065638.7180 875 10 760 502
1787065638.7359 875 10 760 502
1787065638.7553 875 10 760 502
1787065638.7727 875 10 760 502
1787065638.7897 875 10 760 502
1787065638.8086 875 10 760 502
1787065638.8277 875 10 760 502
1787065638.8480 875 10 760 502
1787065638.8655 875 10 760 502
1787065668.1560 875 10 760 826
1787065668.1742 875 10 760 826
1787065668.1939 875 10 760 826
1787065668.2129 875 10 760 826
1787065668.2340 875 10 760 824
1787065668.2537 875 10 760 818
1787065668.2730 875 10 760 804
1787065668.2920 875 10 760 621
1787065668.3114 875 10 760 621
1787065668.3308 875 10 760 564
1787065668.3488 875 10 760 564
1787065668.3673 875 10 760 540
1787065668.3857 875 10 760 528
1787065668.4050 875 10 760 528
1787065668.4240 875 10 760 510
1787065668.4412 875 10 760 504
1787065668.4604 875 10 760 504
1787065668.4793 875 10 760 502
1787065668.4976 875 10 760 502
1787065668.5157 875 10 760 502
1787065668.5348 875 10 760 502
1787065668.5540 875 10 760 502
1787065668.5725 875 10 760 502
1787065668.5907 875 10 760 502
1787065668.6085 875 10 760 502
1787065668.6256 875 10 760 502
1787065668.6425 875 10 760 502
1787065668.6611 875 10 760 502
1787065668.6793 875 10 760 502
1787065668.6988 875 10 760 502
1787065668.7157 875 10 760 502
1787065668.7334 875 10 760 502
1787065668.7520 875 10 760 502
1787065668.7696 875 10 760 502
1787065668.7871 875 10 760 502
1787065668.8063 875 10 760 502
1787065668.8246 875 10 760 502
1787065668.8431 875 10 760 502
1787065668.8613 875 10 760 502
1787065668.8803 875 10 760 502
1787065668.8978 875 10 760 502
1787065668.9159 875 10 760 502
1787065668.9332 875 10 760 502
1787065668.9522 875 10 760 502
1787065668.9701 875 10 760 502
1787065668.9888 875 10 760 502
1787065669.0066 875 10 760 502
1787065669.0251 875 10 760 502
1787065669.0435 875 10 760 502
1787065669.0624 875 10 760 502
1787065669.0811 875 10 760 502
1787065669.1004 875 10 760 502
1787065669.1196 875 10 760 502
1787065669.1377 875 10 760 502
1787065669.1570 875 10 760 502
1787065678.8531 875 10 760 826
1787065678.8719 875 10 760 826
1787065678.8903 875 10 760 826
1787065678.9100 875 10 760 826
1787065678.9303 875 10 760 824
1787065678.9501 875 10 760 818
1787065678.9694 875 10 760 800
1787065678.9864 875 10 760 689
1787065679.0049 875 10 760 667
1787065679.0223 875 10 760 607
1787065679.0398 875 10 760 563
1787065679.0578 875 10 760 563
1787065679.0758 875 10 760 556
1787065679.0947 875 10 760 535
1787065679.1145 875 10 760 514
1787065679.1324 875 10 760 512
1787065679.1525 875 10 760 512
1787065679.1718 875 10 760 506
1787065679.1901 875 10 760 503
1787065679.2090 875 10 760 502
1787065679.2264 875 10 760 502
1787065679.2448 875 10 760 502
1787065679.2632 875 10 760 502
1787065679.2822 875 10 760 502
1787065679.3006 875 10 760 502
1787065679.3187 875 10 760 502
1787065679.3379 875 10 760 502
1787065679.3568 875 10 760 502
1787065679.3748 875 10 760 502
1787065679.3933 875 10 760 502
1787065679.4115 875 10 760 502
1787065679.4297 875 10 760 502
1787065679.4485 875 10 760 502
1787065679.4657 875 10 760 502
1787065679.4847 875 10 760 502
1787065679.5017 875 10 760 502
1787065679.5208 875 10 760 502
1787065679.5388 875 10 760 502
1787065679.5581 875 10 760 502
1787065679.5766 875 10 760 502
1787065679.5960 875 10 760 502
1787065679.6140 875 10 760 502
1787065679.6321 875 10 760 502
1787065679.6491 875 10 760 502
1787065679.6660 875 10 760 502
1787065679.6827 875 10 760 502
1787065679.7006 875 10 760 502
1787065679.7196 875 10 760 502
1787065679.7371 875 10 760 502
1787065679.7566 874 10 762 502
1787065679.7753 874 10 762 502
1787065679.7952 872 10 767 501
1787065679.8136 864 10 782 498
1787065679.8306 853 10 804 494
1787065679.8486 816 10 878 479
1787065679.8690 792 10 878 479
1787065679.8878 768 10 975 461
1787065679.9060 768 10 975 461
1787065679.9238 756 10 998 456
1787065679.9419 749 10 998 456
1787065679.9611 742 10 1026 451
1787065679.9799 742 10 1024 451
1787065679.9984 737 10 1036 449
1787065680.0168 737 10 1036 449
1787065680.0337 735 10 1040 448
1787065680.0526 735 10 1040 448
1787065680.0698 735 10 1040 448
1787065680.0887 735 10 1040 448
1787065680.1075 735 10 1040 448
1787065680.1252 735 10 1040 448
1787065680.1429 735 10 1040 448
1787065680.1615 735 10 1040 448
1787065680.1801 735 10 1040 448
1787065680.1997 735 10 1040 448
1787065680.2180 735 10 1040 448
1787065680.2366 735 10 1040 448
1787065680.2551 735 10 1040 448
1787065680.2746 735 10 1040 448
1787065680.2934 735 10 1040 448
1787065680.3122 735 10 1040 448
1787065680.3296 735 10 1040 448
1787065680.3499 736 10 1040 448
1787065680.3676 739 10 1033 448
1787065680.3861 745 10 1021 447
1787065680.4057 745 10 1021 447
1787065680.4261 768 10 1000 447
1787065680.4441 781 10 974 446
1787065680.4644 793 10 948 445
1787065680.4830 802 10 906 444
1787065680.5027 811 10 906 444
1787065680.5210 818 10 875 443
1787065680.5400 824 10 875 443
1787065680.5594 829 10 863 442
1787065680.5793 842 10 852 442
1787065680.5992 854 10 803 440
1787065680.6178 860 10 803 440
1787065680.6379 867 10 777 440
1787065680.6577 868 10 777 440
1787065680.6764 872 10 775 439
1787065680.6962 874 10 767 439
1787065680.7148 875 10 763 439
1787065680.7325 875 10 761 439
1787065680.7508 875 10 760 439
1787065680.7699 875 10 760 439
1787065680.7880 874 10 762 439
1787065680.8077 874 10 762 439
1787065680.8250 855 10 762 439
1787065680.8442 808 10 800 440
1787065680.8627 786 10 894 443
1787065680.8798 768 10 975 446
1787065680.8982 759 10 993 446
1787065680.9168 759 10 993 446
1787065680.9358 748 10 1011 447
1787065680.9545 742 10 1026 448
1787065680.9730 739 10 1032 448
1787065680.9901 739 10 1032 448
1787065681.0086 737 10 1037 448
1787065681.0273 736 10 1037 448
1787065681.0460 735 10 1039 448
1787065681.0655 735 10 1040 448
1787065681.0841 735 10 1040 448
1787065681.1027 735 10 1040 448
1787065681.1214 735 10 1040 448
1787065681.1401 735 10 1040 448
1787065681.1589 735 10 1040 448
1787065681.1783 735 10 1040 448
1787065681.1976 735 10 1040 448
1787065681.2149 735 10 1040 448
1787065681.2335 735 10 1040 448
1787065681.2516 735 10 1040 448
1787065681.2700 735 10 1040 448
1787065681.2889 735 10 1040 448
1787065681.3072 735 10 1040 448
1787065681.3263 735 10 1040 448
1787065681.3451 735 10 1040 448
1787065681.3635 735 10 1040 448
1787065681.3824 735 10 1040 448
1787065681.4009 735 10 1040 448
1787065681.4201 735 10 1040 448
1787065681.4387 735 10 1040 448
1787065681.4575 735 10 1040 448
1787065681.4760 735 10 1040 448
1787065681.4939 736 10 1038 448
1787065681.5145 745 10 1038 448
1787065681.5331 755 10 1021 452
1787065681.5519 768 10 1000 456
1787065681.5708 781 10 974 461
1787065681.5909 818 10 875 480
1787065681.6098 835 10 841 486
1787065681.6282 835 10 841 486
1787065681.6472 849 10 841 486
1787065681.6661 861 10 789 496
1787065681.6853 861 10 789 496
1787065681.7030 868 10 774 499
1787065681.7217 871 10 774 499
1787065681.7406 874 10 769 500
1787065681.7590 875 10 763 501
1787065681.7773 875 10 760 502
1787065681.7957 875 10 760 502
1787065681.8141 875 10 760 502
1787065681.8310 875 10 760 502
1787065681.8505 875 10 760 502
1787065681.8687 875 10 760 502
1787065681.8869 875 10 760 502
1787065681.9058 875 10 760 502
1787065681.9240 875 10 760 502
1787065681.9416 875 10 760 502
1787065681.9602 875 10 760 502
1787065681.9779 875 10 760 502
1787065681.9963 875 10 760 502
1787065682.0155 875 10 760 502
1787065682.0341 875 10 760 502
1787065682.0528 875 10 760 502
1787065682.0722 875 10 760 502
1787065682.0907 875 10 760 502
1787065682.1105 875 10 760 502
1787065682.1299 875 10 760 502
1787065682.1490 875 10 760 502
1787065682.1682 875 10 760 502
1787065682.1879 875 10 760 502
1787065682.2076 866 10 779 498
1787065682.2251 866 10 779 498
1787065682.2419 855 10 779 498
1787065682.2606 842 10 826 489
1787065682.2807 829 10 826 489
1787065682.2990 793 10 925 470
1787065682.3174 777 10 957 464
1787065682.3364 777 10 957 464
1787065682.3550 762 10 987 458
1787065682.3731 754 10 987 458
1787065682.3932 745 10 1021 452
1787065682.4134 740 10 1030 450
1787065682.4326 738 10 1034 449
1787065682.4521 738 10 1034 449
1787065682.4719 736 10 1038 448
1787065682.4891 735 10 1040 448
1787065682.5082 735 10 1040 448
1787065682.5269 735 10 1040 448
1787065682.5456 735 10 1040 448
1787065682.5638 735 10 1040 448
1787065682.5828 735 10 1040 448
1787065682.5995 735 10 1040 448
1787065682.6163 735 10 1040 448
1787065682.6347 735 10 1040 448
1787065682.6548 735 10 1040 448
1787065682.6731 735 10 1040 448
1787065682.6923 735 10 1040 448
1787065682.7110 735 10 1040 448
1787065682.7303 735 10 1040 448
1787065682.7481 735 10 1040 448
1787065682.7671 735 10 1040 448
1787065682.7857 735 10 1040 448
1787065682.8037 735 10 1040 448
1787065682.8207 735 10 1040 448
1787065682.8400 735 10 1040 448
1787065682.8587 735 10 1040 448
1787065682.8771 735 10 1040 448
1787065682.8943 735 10 1040 448
1787065682.9134 735 10 1040 448
1787065682.9318 735 10 1040 448
1787065682.9507 735 10 1040 448
1787065682.9683 735 10 1040 448
1787065682.9850 735 10 1040 448
1787065683.0023 735 10 1040 448
1787065683.0213 735 10 1040 448
1787065683.0387 735 10 1040 448
1787065683.0572 735 10 1040 448
1787065683.0753 735 10 1040 448
1787065683.0939 735 10 1040 448
1787065683.1114 735 10 1040 448
1787065683.1308 735 10 1040 448
1787065683.1485 735 10 1040 448
1787065683.1660 735 10 1040 448
1787065683.1827 735 10 1040 448
1787065683.2015 735 10 1040 448
1787065683.2204 735 10 1040 448
1787065683.2390 735 10 1040 448
1787065683.2573 735 10 1040 448
1787065683.2743 735 10 1040 448
1787065683.2930 735 10 1040 448
1787065683.3124 735 10 1040 448
1787065683.3307 735 10 1040 448
1787065683.3488 735 10 1040 448
1787065683.3674 735 10 1040 448
1787065683.3851 735 10 1040 448
1787065683.4051 735 10 1040 448
1787065683.4239 735 10 1040 448
1787065683.4431 735 10 1040 448
1787065683.4629 735 10 1040 448
1787065683.4825 735 10 1040 448
1787065683.5020 735 10 1040 448
1787065683.5212 735 10 1040 448
1787065683.5412 735 10 1040 448
1787065683.5596 735 10 1040 448
1787065683.5783 735 10 1040 448
1787065683.5973 735 10 1040 448
1787065683.6155 735 10 1040 448
1787065683.6336 735 10 1040 448
1787065683.6517 735 10 1040 448
1787065683.6701 735 10 1040 448
1787065683.6884 735 10 1040 448
1787065683.7063 735 10 1040 448
1787065683.7250 735 10 1040 448
1787065683.7438 735 10 1040 448
1787065683.7624 735 10 1040 448
1787065683.7809 735 10 1040 448
1787065683.7993 735 10 1040 448
1787065683.8176 735 10 1040 448
1787065683.8369 735 10 1040 448
1787065683.8562 735 10 1040 448
1787065683.8750 735 10 1040 448
1787065683.8938 735 10 1040 448
1787065683.9130 735 10 1040 448
1787065683.9319 735 10 1040 448
1787065683.9515 735 10 1040 448
1787065683.9697 735 10 1040 448
1787065683.9870 735 10 1040 448
1787065684.0047 735 10 1040 448
1787065684.0229 735 10 1040 448
1787065684.0404 735 10 1040 448
1787065684.0574 735 10 1040 448
1787065684.0760 735 10 1040 448
1787065684.0940 736 10 1038 448
1787065684.1120 736 10 1038 448
1787065684.1306 739 10 1038 448
1787065684.1490 745 10 1033 448
1787065684.1661 755 10 1021 447
1787065684.1859 802 10 906 444
1787065684.2050 802 10 906 444
1787065684.2245 829 10 906 444
1787065684.2436 846 10 852 442
1787065684.2629 856 10 819 441
1787065684.2833 863 10 798 440
1787065684.3014 868 10 774 439
1787065684.3193 868 10 774 439
1787065684.3368 872 10 774 439
1787065684.3553 875 10 761 439
1787065684.3724 875 10 763 439
1787065684.3913 875 10 760 439
1787065684.4098 875 10 760 439
1787065684.4292 875 10 760 439
1787065684.4473 875 10 760 439
1787065684.4668 875 10 760 439
1787065684.4847 875 10 760 439
1787065684.5041 875 10 760 439
1787065684.5219 875 10 760 439
1787065684.5417 875 10 760 439
1787065684.5598 875 10 760 439
1787065684.5773 875 10 760 439
1787065684.5967 875 10 760 439
1787065684.6136 875 10 760 439
1787065684.6320 875 10 760 439
1787065684.6497 875 10 760 439
1787065684.6690 875 10 760 439
1787065684.6868 875 10 760 439
1787065684.7035 875 10 760 439
1787065684.7203 875 10 760 439
1787065684.7387 875 10 760 439
1787065684.7560 875 10 760 439
1787065684.7755 875 10 760 439
1787065684.7959 875 10 760 439
1787065684.8145 875 10 760 439
1787065684.8336 875 10 760 439
1787065684.8525 875 10 760 439
1787065684.8708 875 10 760 439
1787065684.8895 875 10 760 439
1787065684.9084 875 10 760 439
1787065684.9275 875 10 760 439
1787065684.9461 875 10 760 439
1787065684.9652 875 10 760 439
1787065684.9845 875 10 760 439
1787065685.0030 875 10 760 439
1787065685.0212 875 10 760 439
1787065685.0400 875 10 760 439
1787065685.0573 874 10 760 439
1787065685.0751 872 10 762 439
1787065685.0928 866 10 767 439
1787065685.1096 853 10 804 440
1787065685.1282 853 10 804 440
1787065685.1472 827 10 830 441
1787065685.1657 816 10 878 443
1787065685.1826 807 10 897 443
1787065685.2027 807 10 897 443
1787065685.2219 792 10 913 444
1787065685.2415 786 10 939 445
1787065685.2603 781 10 939 445
1787065685.2787 776 10 959 445
1787065685.2973 776 10 959 445
1787065685.3155 765 10 981 446
1787065685.3327 752 10 1003 447
1787065685.3510 752 10 1003 447
1787065685.3700 742 10 1026 448
1787065685.3902 742 10 1026 448
1787065685.4095 737 10 1035 448
1787065685.4290 736 10 1039 448
1787065685.4492 735 10 1040 448
1787065685.4688 735 10 1040 448
1787065685.4886 735 10 1040 448
1787065685.5073 735 10 1040 448
1787065685.5251 735 10 1040 448
1787065685.5434 735 10 1040 448
1787065685.5616 735 10 1040 448
1787065685.5804 735 10 1040 448
1787065685.5992 735 10 1040 448
1787065685.6181 735 10 1040 448
1787065685.6361 735 10 1040 448
1787065685.6532 735 10 1040 448
1787065685.6726 735 10 1040 448
1787065685.6905 735 10 1040 448
1787065685.7084 735 10 1040 448
1787065685.7278 735 10 1040 448
1787065685.7456 735 10 1040 448
1787065685.7638 735 10 1040 448
1787065685.7821 735 10 1040 448
1787065685.7989 735 10 1040 448
1787065685.8173 735 10 1040 448
1787065685.8357 735 10 1040 448
1787065685.8540 735 10 1040 448
1787065685.8722 735 10 1040 448
1787065685.8915 735 10 1040 448
1787065685.9100 735 10 1040 448
1787065685.9289 735 10 1040 448
1787065685.9487 735 10 1040 448
1787065685.9667 735 10 1040 448
1787065685.9858 735 10 1040 448
1787065686.0047 735 10 1040 448
1787065686.0230 735 10 1040 448
1787065686.0414 735 10 1040 448
1787065686.0597 735 10 1040 448
1787065686.0779 735 10 1040 448
1787065686.0968 735 10 1040 448
1787065686.1156 735 10 1040 448
1787065686.1355 735 10 1040 448
1787065686.1552 735 10 1040 448
1787065686.1745 735 10 1040 448
1787065686.1938 735 10 1040 448
1787065686.2113 735 10 1040 448
1787065686.2306 735 10 1040 448
1787065686.2494 735 10 1040 448
1787065686.2682 735 10 1040 448
1787065686.2873 735 10 1040 448
1787065686.3063 735 10 1040 448
1787065686.3252 735 10 1040 448
1787065686.3444 735 10 1040 448
1787065686.3633 735 10 1040 448
1787065686.3819 735 10 1040 448
1787065686.4014 735 10 1040 448
1787065686.4214 735 10 1040 448
1787065686.4407 735 10 1040 448
1787065686.4578 735 10 1040 448
1787065686.4762 735 10 1040 448
1787065686.4945 735 10 1040 448
1787065686.5126 735 10 1040 448
1787065686.5312 735 10 1040 448
1787065686.5499 735 10 1040 448
1787065686.5687 735 10 1040 448
1787065686.5875 735 10 1040 448
1787065686.6054 735 10 1040 448
1787065686.6247 735 10 1040 448
1787065686.6430 735 10 1040 448
1787065686.6611 735 10 1040 448
1787065686.6801 735 10 1040 448
1787065686.6994 735 10 1040 448
1787065686.7170 735 10 1040 448
1787065686.7369 735 10 1040 448
1787065686.7558 736 10 1038 448
1787065686.7741 745 10 1038 448
1787065686.7929 755 10 1021 452
1787065686.8126 768 10 974 461
1787065686.8315 781 10 948 466
1787065686.8497 811 10 889 477
1787065686.8678 811 10 889 477
1787065686.8867 834 10 843 486
1787065686.9055 845 10 843 486
1787065686.9235 856 10 820 491
1787065686.9417 863 10 798 495
1787065686.9591 868 10 774 499
1787065686.9758 868 10 774 499
1787065686.9940 872 10 774 499
1787065687.0134 874 10 767 501
1787065687.0329 875 10 760 502
1787065687.0519 875 10 760 502
1787065687.0717 875 10 760 502
1787065687.0903 875 10 760 502
1787065687.1086 875 10 760 502
1787065687.1269 875 10 760 502
1787065687.1457 875 10 760 502
1787065687.1648 875 10 760 502
1787065687.1815 875 10 760 502
1787065687.2003 875 10 760 502
1787065687.2193 875 10 760 502
1787065687.2380 875 10 760 502
1787065687.2566 875 10 760 502
1787065687.2752 875 10 760 502
1787065687.2945 875 10 760 502
1787065687.3129 875 10 760 502
1787065687.3318 875 10 760 502
1787065687.3499 874 10 760 502
1787065687.3698 872 10 767 501
1787065687.3864 866 10 779 498
1787065687.4043 866 10 779 498
1787065687.4238 855 10 779 498
1787065687.4424 808 10 800 494
1787065687.4616 787 10 894 476
1787065687.4804 765 10 980 459
1787065687.5000 765 10 973 461
1787065687.5204 750 10 980 459
1787065687.5408 745 10 1021 452
1787065687.5613 740 10 1030 450
1787065687.5814 740 10 1030 450
1787065687.6008 737 10 1031 450
1787065687.6198 736 10 1037 449
1787065687.6391 735 10 1039 448
1787065687.6569 735 10 1040 448
1787065687.6755 735 10 1040 448
1787065687.6931 735 10 1040 448
1787065687.7118 735 10 1040 448
1787065687.7303 735 10 1040 448
1787065687.7497 735 10 1040 448
1787065687.7679 735 10 1040 448
1787065687.7860 735 10 1040 448
1787065687.8028 735 10 1040 448
1787065687.8211 735 10 1040 448
1787065687.8406 735 10 1040 448
1787065687.8584 735 10 1040 448
1787065687.8772 735 10 1040 448
1787065687.8958 735 10 1040 448
1787065687.9137 735 10 1040 448
1787065687.9318 735 10 1040 448
1787065687.9518 735 10 1040 448
1787065687.9716 735 10 1040 448
1787065687.9912 735 10 1040 448
1787065688.0088 735 10 1040 448
1787065688.0280 735 10 1040 448
1787065688.0464 735 10 1040 448
1787065688.0656 735 10 1040 448
1787065688.0848 735 10 1040 448
